"","rows","protocol","fileName"
"1","0","tow","towerOnly_vst_pershrub.csv"
"2","178","cdw","cdw_tally_D01.csv"
"3","1442","dhp","dhp_imagefile_D01.csv"
"4","2023","dhp","dhp_perimagefile_D01.csv"
"5","25","dhp","dhp_perplot_D01.csv"
"6","89","dhp","dhp_perplot_D01_2014.csv"
"7","284","L_P","L_Plot_IDs_Distributed_tower.csv"
"8","559","ltr","ltr_fielddata_D01.csv"
"9","3597","ltr","ltr_massdata_D01.csv"
"10","160","ltr","ltr_pertrap_D01.csv"
"11","668","mos","mos_trapping_D01.csv"
"12","76","tck","tck_collection_D01.csv"
"13","28","tck","tck_larvalprocessing_D01.csv"
"14","129","tow","towerOnly_vst_perindividual.csv"
"15","54","tow","towerOnly_vst_perindividual_perbout.csv"
"16","1495","vst","vst_apparentindividual_D01.csv"
"17","4534","vst","vst_apparentindividual_v2b_D01.csv"
"18","2438","vst","vst_apparentindividual_v2d_D01.csv"
"19","268","vst","vst_mapping_D01.csv"
"20","1051","vst","vst_mapping_D01_corrected.csv"
"21","3174","vst","vst_mapping_v2b_D01.csv"
"22","269","vst","vst_mapping_v2d_D01.csv"
"23","2294","vst","vst_other_D01.csv"
"24","1540","vst","vst_other_D01_corrected.csv"
"25","2294","vst","vst_other_v2b_D01.csv"
"26","243","vst","vst_perplot_v2b_D01.csv"
"27","41","vst","vst_perplot_v2d_D01.csv"
"28","4","vst","vst_shrubgroup_v2b_D01.csv"
"29","52","cdw","cdw_tally_D02.csv"
"30","2844","dhp","dhp_imagefile_D02.csv"
"31","126","dhp","dhp_perplot_D02.csv"
"32","736","ltr","ltr_fielddata_D02.csv"
"33","3013","ltr","ltr_massdata_D02.csv"
"34","185","ltr","ltr_pertrap_D02.csv"
"35","362","mos","mos_sampletransfer_D02.csv"
"36","637","mos","mos_trapping_D02.csv"
"37","0","sls","sls_composite_D02.csv"
"38","72","sls","sls_soilcorecollection_D02.csv"
"39","72","sls","sls_soilmoisture_D02.csv"
"40","87","sls","sls_soilPH_D02.csv"
"41","0","sls","sls_soilpostfield_D02.csv"
"42","139","tck","tck_collection_D02.csv"
"43","48","tck","tck_larvalprocessing_D02.csv"
"44","7257","vst","vst_apparentindividual_D02.csv"
"45","6497","vst","vst_div_apparentindividual_D02.csv"
"46","360","vst","vst_div_diversity_field_cover1m2_D02.csv"
"47","4857","vst","vst_div_diversity_field_taxon_D02.csv"
"48","5465","vst","vst_div_mapping_D02.csv"
"49","0","vst","vst_div_other_D02.csv"
"50","110","vst","vst_div_perplot_D02.csv"
"51","0","vst","vst_div_shrubgroup_D02.csv"
"52","6205","vst","vst_mapping_D02.csv"
"53","0","vst","vst_other_D02.csv"
"54","120","vst","vst_perplot_D02.csv"
"55","0","vst","vst_shrubgroup_D02.csv"
"56","136","cdw","cdw_tally_in_D03.csv"
"57","41","Bee","BeetleTrap_ecayia_AT_field-ops.org_2015-04-27-21-06-45.csv"
"58","40","Bee","BeetleTrap_ecayia_AT_field-ops.org_2015-05-28-21-00-34.csv"
"59","40","PDR","PDR_Submit_TrapActivities_ecayia_AT_field-ops.org_2015-05-04-19-21-27.csv"
"60","40","PDR","PDR_Submit_TrapActivities_ecayia_AT_field-ops.org_2015-05-29-17-24-33.csv"
"61","63","Mas","MassData_psoucy_AT_field-ops.org_2015-10-02-20-15-13 (JERC and OSBS).csv"
"62","129","Mas","MassData_psoucy_AT_field-ops.org_2015-10-06-21-30-15.csv"
"63","57","Mas","MassData_psoucy_AT_field-ops.org_2015-10-09-13-33-03 (OSBS).csv"
"64","11","DSN","DSNY_005_042_008_021_049_004_057_062_017_006_20150713_20150714_20150715_20150716.csv"
"65","66","DSN","DSNY_064_049_054_042_067_048_043_068_051_061.csv"
"66","96","DSN","DSNY_065_070_042_060_070_064_054_059_050_057_062_047_043_046_041_052.csv"
"67","16","DSN","DSNY_043_054_046_041_064_068_044_047_048_067_051_056_058_059_045_070_20150713_20150714.csv"
"68","6","DSN","DSNY_053_015_013_001_011_010_20150715.csv"
"69","2","DSN","DSNY_063_055_20150713.csv"
"70","5","DSN","DSNY_065_050_061_060_052_20150714.csv"
"71","3","DSN","DSNY_069_066_034_20150715.csv"
"72","114","DSN","DSNY_006_016_008_034_004_045_063_058_013_053_021_001_055_056_066_069_017_015_10.csv"
"73","20","JER","JERC_004_061_063_057_050_048_056_054_051_052_053_049_20150727_20150728_20150729.csv"
"74","3","JER","JERC_018_012_020_20150730.csv"
"75","3","Jer","Jerc_051_065.csv"
"76","19","JER","JERC_058_059_047_055_062_058_014_064_060_066_062_049_051_20150727_20150728.csv"
"77","506","ltr","ltr_fielddata_in.csv"
"78","466","ltr","ltr_fielddata_in_D03.csv"
"79","2128","ltr","ltr_massdata_in_D03.csv"
"80","168","ltr","ltr_pertrap_in_D03.csv"
"81","13","Pla","Plant Phenology Data Progress Worksheet.xlsx"
"82","371","Pla","PlantPhenology_DSNY_071_2015-01-14.csv"
"83","370","Pla","PlantPhenology_DSNY_071_2015-01-28.csv"
"84","370","Pla","PlantPhenology_DSNY_071_2015-02-11.csv"
"85","4144","Pla","PlantPhenology_DSNY_071_2015-02-24.csv"
"86","370","Pla","PlantPhenology_DSNY_071_2015-03-05.csv"
"87","370","Pla","PlantPhenology_DSNY_071_2015-03-11.csv"
"88","370","Pla","PlantPhenology_DSNY_071_2015-03-19.csv"
"89","370","Pla","PlantPhenology_DSNY_071_2015-03-26.csv"
"90","370","Pla","PlantPhenology_DSNY_071_2015-04-02.csv"
"91","370","Pla","PlantPhenology_DSNY_071_2015-04-10.csv"
"92","370","Pla","PlantPhenology_DSNY_071_2015-04-16.csv"
"93","371","Pla","PlantPhenology_DSNY_071_2015-04-21_a.csv"
"94","11","Pla","PlantPhenology_DSNY_071_2015-04-21_b.csv"
"95","4142","Pla","PlantPhenology_DSNY_071_2015-04-30.csv"
"96","370","Pla","PlantPhenology_DSNY_071_2015-05-07.csv"
"97","370","Pla","PlantPhenology_DSNY_071_2015-05-14.csv"
"98","370","Pla","PlantPhenology_DSNY_071_2015-05-21.csv"
"99","370","Pla","PlantPhenology_DSNY_071_2015-05-27.csv"
"100","370","Pla","PlantPhenology_DSNY_071_2015-06-02.csv"
"101","371","Pla","PlantPhenology_DSNY_071_2015-01-14.csv"
"102","370","Pla","PlantPhenology_DSNY_071_2015-01-28.csv"
"103","370","Pla","PlantPhenology_DSNY_071_2015-02-11.csv"
"104","4144","Pla","PlantPhenology_DSNY_071_2015-02-24.csv"
"105","370","Pla","PlantPhenology_DSNY_071_2015-03-05.csv"
"106","370","Pla","PlantPhenology_DSNY_071_2015-03-11.csv"
"107","370","Pla","PlantPhenology_DSNY_071_2015-03-19.csv"
"108","370","Pla","PlantPhenology_DSNY_071_2015-03-26.csv"
"109","370","Pla","PlantPhenology_DSNY_071_2015-04-02.csv"
"110","370","Pla","PlantPhenology_DSNY_071_2015-04-10.csv"
"111","370","Pla","PlantPhenology_DSNY_071_2015-04-16.csv"
"112","371","Pla","PlantPhenology_DSNY_071_2015-04-21_a.csv"
"113","11","Pla","PlantPhenology_DSNY_071_2015-04-21_b.csv"
"114","4142","Pla","PlantPhenology_DSNY_071_2015-04-30.csv"
"115","370","Pla","PlantPhenology_DSNY_071_2015-05-07.csv"
"116","370","Pla","PlantPhenology_DSNY_071_2015-05-14.csv"
"117","370","Pla","PlantPhenology_DSNY_071_2015-05-21.csv"
"118","370","Pla","PlantPhenology_DSNY_071_2015-05-27.csv"
"119","370","Pla","PlantPhenology_DSNY_071_2015-06-02.csv"
"120","370","Pla","PlantPhenology_DSNY_071_2015-06-08.csv"
"121","370","Pla","PlantPhenology_DSNY_071_2015-06-17.csv"
"122","370","Pla","PlantPhenology_DSNY_071_2015-06-25.csv"
"123","370","Pla","PlantPhenology_DSNY_071_2015-06-30.csv"
"124","370","Pla","PlantPhenology_DSNY_071_2015-07-08.csv"
"125","358","Pla","PlantPhenology_DSNY_071_2015-07-16.csv"
"126","358","Pla","PlantPhenology_DSNY_071_2015-07-20.csv"
"127","358","Pla","PlantPhenology_DSNY_071_2015-07-29.csv"
"128","370","Pla","PlantPhenology_DSNY_071_2015-08-14.csv"
"129","358","Pla","PlantPhenology_DSNY_071_2015-08-26.csv"
"130","184","Pla","PlantPhenology_DSNY_071_2015-08-26_Annual.csv"
"131","370","Pla","PlantPhenology_DSNY_071_2015-09-08.csv"
"132","370","Pla","PlantPhenology_DSNY_071_2015-09-15.csv"
"133","370","Pla","PlantPhenology_DSNY_071_2015-09-22.csv"
"134","370","Pla","PlantPhenology_DSNY_071_2015-09-29.csv"
"135","370","Pla","PlantPhenology_DSNY_071_2015-10-14.csv"
"136","370","Pla","PlantPhenology_DSNY_071_2015-10-21.csv"
"137","9","Pla","PlantPhenology_DSNY_071_2015-10-21_establishment.csv"
"138","370","Pla","PlantPhenology_DSNY_071_2015-10-29.csv"
"139","358","tan","tantonyatfield-ops.org_DSNY_071.phenology.phe_dt_2015-08-18_sbdt_2015-08-19-17-02.xlsx"
"140","4963","lwi","lwilkinsonatfield-ops.org_JERC_067.phenology.phe_dt_2015-10-01_sbdt_2015-10-05-15-01.csv"
"141","4979","Pla","PlantPhenology_JERC_067_2015-01-21.csv"
"142","460","Pla","PlantPhenology_JERC_067_2015-01-28.csv"
"143","4978","Pla","PlantPhenology_JERC_067_2015-02-03.csv"
"144","4980","Pla","PlantPhenology_JERC_067_2015-02-19.csv"
"145","460","Pla","PlantPhenology_JERC_067_2015-03-05.csv"
"146","460","Pla","PlantPhenology_JERC_067_2015-03-11.csv"
"147","460","Pla","PlantPhenology_JERC_067_2015-03-18.csv"
"148","460","Pla","PlantPhenology_JERC_067_2015-03-25.csv"
"149","460","Pla","PlantPhenology_JERC_067_2015-04-01.csv"
"150","460","Pla","PlantPhenology_JERC_067_2015-04-09.csv"
"151","460","Pla","PlantPhenology_JERC_067_2015-04-15.csv"
"152","460","Pla","PlantPhenology_JERC_067_2015-04-22.csv"
"153","460","Pla","PlantPhenology_JERC_067_2015-05-19.csv"
"154","190","Pla","PlantPhenology_JERC_067_2015-05-26.csv"
"155","280","Pla","PlantPhenology_JERC_067_2015-05-27.csv"
"156","460","Pla","PlantPhenology_JERC_067_2015_01_07_correct.csv"
"157","4979","Pla","PlantPhenology_JERC_067_2015_01_21.csv"
"158","460","Pla","PlantPhenology_JERC_067_2015_01_28.csv"
"159","4978","Pla","PlantPhenology_JERC_067_2015_02_03.csv"
"160","4980","Pla","PlantPhenology_JERC_067_2015_02_19.csv"
"161","460","Pla","PlantPhenology_JERC_067_2015_03_05.csv"
"162","460","Pla","PlantPhenology_JERC_067_2015_03_11.csv"
"163","460","Pla","PlantPhenology_JERC_067_2015_03_18.csv"
"164","460","Pla","PlantPhenology_JERC_067_2015_03_25.csv"
"165","460","Pla","PlantPhenology_JERC_067_2015_04_01.csv"
"166","460","Pla","PlantPhenology_JERC_067_2015_04_09.csv"
"167","460","Pla","PlantPhenology_JERC_067_2015_04_15.csv"
"168","460","Pla","PlantPhenology_JERC_067_2015_04_22.csv"
"169","369","Pla","PlantPhenology_JERC_067_2015_04_28.csv"
"170","369","Pla","PlantPhenology_JERC_067_2015_05_06.csv"
"171","460","Pla","PlantPhenology_JERC_067_2015_05_19.csv"
"172","190","Pla","PlantPhenology_JERC_067_2015_05_26.csv"
"173","280","Pla","PlantPhenology_JERC_067_2015_05_27.csv"
"174","460","Pla","PlantPhenology_JERC_067_2015_06_03.csv"
"175","18","Pla","PlantPhenology_JERC_067_2015_06_11 new replaced plants update.csv"
"176","45","Pla","PlantPhenology_JERC_067_2015_06_11 new replaced plants.csv"
"177","369","Pla","PlantPhenology_JERC_067_2015_06_11.csv"
"178","101","Pla","PlantPhenology_JERC_067_2015_06_15 update.csv"
"179","369","Pla","PlantPhenology_JERC_067_2015_06_15.csv"
"180","101","Pla","PlantPhenology_JERC_067_2015_06_24 update.csv"
"181","369","Pla","PlantPhenology_JERC_067_2015_06_24.csv"
"182","453","Pla","PlantPhenology_JERC_067_2015_07-29.csv"
"183","460","Pla","PlantPhenology_JERC_067_2015_07_02.csv"
"184","453","Pla","PlantPhenology_JERC_067_2015_07_08.csv"
"185","453","Pla","PlantPhenology_JERC_067_2015_07_15.csv"
"186","453","Pla","PlantPhenology_JERC_067_2015_07_23.csv"
"187","453","Pla","PlantPhenology_JERC_067_2015_08_05.csv"
"188","453","Pla","PlantPhenology_JERC_067_2015_08_12.csv"
"189","460","Pla","PlantPhenology_JERC_067_2015_08_27.csv"
"190","460","Pla","PlantPhenology_JERC_067_2015_09_10.csv"
"191","460","Pla","PlantPhenology_JERC_067_2015_10_13.csv"
"192","460","Pla","PlantPhenology_JERC_067_2015_10_21.csv"
"193","460","Pla","PlantPhenology_JERC_067_2015_10_28.csv"
"194","460","Pla","PlantPhenology_JERC_067_2015_11_04.csv"
"195","460","Pla","PlantPhenology_JERC_068_2015-01-07.csv"
"196","460","Pla","PlantPhenology_JERC_068_2015_01_07.csv"
"197","460","Pla","PlantPhenology_JERC_068_2015_01_07_update.csv"
"198","4990","rvi","rvistocciatfield-ops.org_JERC_067.phenology.phe_dt_2015-10-06_sbdt_2015-10-23-17-22.csv"
"199","460","tan","tantonyatfield-ops.org_JERC_067.phenology.phe_dt_2015-08-19_sbdt_2015-08-24-14-03.csv"
"200","460","tan","tantonyatfield-ops.org_JERC_067.phenology.phe_dt_2015-09-02_sbdt_2015-09-04-19-14.csv"
"201","190","tan","tantonyatfield-ops.org_JERC_067.phenology.phe_dt_2015-09-10_sbdt_2015-09-21-19-38.csv"
"202","460","tan","tantonyatfield-ops.org_JERC_067.phenology.phe_dt_2015-09-15_sbdt_2015-09-22-17-18.csv"
"203","460","Pla","PlantPhenology_OSBS_045_2015-01-07.csv"
"204","460","Pla","PlantPhenology_OSBS_045_2015-01-22.csv"
"205","460","Pla","PlantPhenology_OSBS_045_2015-01-29.csv"
"206","460","Pla","PlantPhenology_OSBS_045_2015-02-05.csv"
"207","460","Pla","PlantPhenology_OSBS_045_2015-02-19.csv"
"208","460","Pla","PlantPhenology_OSBS_045_2015-03-05.csv"
"209","5030","Pla","PlantPhenology_OSBS_045_2015-03-10.csv"
"210","109","Pla","PlantPhenology_OSBS_045_2015-03-10update.csv"
"211","460","Pla","PlantPhenology_OSBS_045_2015-03-17.csv"
"212","460","Pla","PlantPhenology_OSBS_045_2015-03-24.csv"
"213","248","Pla","PlantPhenology_OSBS_045_2015-03-24update.csv"
"214","460","Pla","PlantPhenology_OSBS_045_2015-04-01.csv"
"215","460","Pla","PlantPhenology_OSBS_045_2015-04-08.csv"
"216","461","Pla","PlantPhenology_OSBS_045_2015-04-15.csv"
"217","460","Pla","PlantPhenology_OSBS_045_2015-04-22.csv"
"218","115","Pla","PlantPhenology_OSBS_045_2015-04-29.csv"
"219","355","Pla","PlantPhenology_OSBS_045_2015-04-30.csv"
"220","460","Pla","PlantPhenology_OSBS_045_2015-05-05.csv"
"221","5021","Pla","PlantPhenology_OSBS_045_2015-05-12.csv"
"222","460","Pla","PlantPhenology_OSBS_045_2015-05-19.csv"
"223","460","Pla","PlantPhenology_OSBS_045_2015-05-27.csv"
"224","460","Pla","PlantPhenology_OSBS_045_2015-06-02.csv"
"225","460","Pla","PlantPhenology_OSBS_045_2015-06-09.csv"
"226","460","Pla","PlantPhenology_OSBS_045_2015-06-16.csv"
"227","460","Pla","PlantPhenology_OSBS_045_2015-06-24.csv"
"228","460","Pla","PlantPhenology_OSBS_045_2015-06-30.csv"
"229","460","Pla","PlantPhenology_OSBS_045_2015-07-07.csv"
"230","460","Pla","PlantPhenology_OSBS_045_2015-07-22.csv"
"231","460","Pla","PlantPhenology_OSBS_045_2015-07-29.csv"
"232","460","Pla","PlantPhenology_OSBS_045_2015-07_16.csv"
"233","461","Pla","PlantPhenology_OSBS_045_2015-08-06.xlsx"
"234","4959","Pla","PlantPhenology_OSBS_045_2015-08-12.csv"
"235","460","Pla","PlantPhenology_OSBS_045_2015-08-18.csv"
"236","460","Pla","PlantPhenology_OSBS_045_2015-08-27.csv"
"237","460","Pla","PlantPhenology_OSBS_045_2015-09-16.csv"
"238","460","Pla","PlantPhenology_OSBS_045_2015-09-24.csv"
"239","4988","Pla","PlantPhenology_OSBS_045_2015-10-01.csv"
"240","460","Pla","PlantPhenology_OSBS_045_2015-10-07.csv"
"241","460","Pla","PlantPhenology_OSBS_045_2015-10-21.csv"
"242","460","Pla","PlantPhenology_OSBS_045_2015-10-27.csv"
"243","460","tan","tantonyatfield-ops.org_OSBS_045.phenology.phe_dt_2015-09-03_sbdt_2015-09-11-16-23.csv"
"244","460","tan","tantonyatfield-ops.org_OSBS_045.phenology.phe_dt_2015-09-10_sbdt_2015-09-11-18-42.csv"
"245","460","tan","tantonyatfield-ops.org_OSBS_045.phenology.phe_dt_2015-10-14_sbdt_2015-11-05-19-01.csv"
"246","6","Pla","Plant Diversity Data Entry Progress.xlsx"
"247","229","Pla","PlantDiversity_DSNY_001_20150414.csv"
"248","269","Pla","PlantDiversity_DSNY_007_20150408.csv"
"249","99","Pla","PlantDiversity_DSNY_016_20150708.csv"
"250","71","Pla","PlantDiversity_DSNY_023_20150514.csv"
"251","212","Pla","PlantDiversity_DSNY_025_20150407.csv"
"252","227","Pla","PlantDiversityDSNY_006_20150630.csv"
"253","251","Pla","PlantDiversityDSNY_008_20150716.csv"
"254","201","Pla","PlantDiversityDSNY_017_20150707.csv"
"255","181","Pla","PlantDiversityDSNY_034_2015.csv"
"256","267","Pla","PlantDiversity_JERC_001_20150730.csv"
"257","349","Pla","PlantDiversityPlotData_tantonyatfield-ops.org_2015-09-17-14-06.csv"
"258","2385","Pla","PlantDiversity_OSBS_003_20150619.csv"
"259","131","Pla","PlantDiversity_OSBS_005_20151006.csv"
"260","3745","Pla","PlantDiversity_OSBS_007_20150708.csv"
"261","132","Pla","PlantDiversity_OSBS_010_20150526.csv"
"262","116","Pla","PlantDiversity_OSBS_011_20150601.csv"
"263","57","Pla","PlantDiversity_OSBS_012_20150507.csv"
"264","2198","Pla","PlantDiversity_OSBS_016_20150528.csv"
"265","1994","Pla","PlantDiversity_OSBS_017_20150520.csv"
"266","100","Pla","PlantDiversity_OSBS_018_20150623.csv"
"267","105","Pla","PlantDiversity_OSBS_021_20150528.csv"
"268","78","Pla","PlantDiversity_OSBS_022_20150708.csv"
"269","71","Pla","PlantDiversity_OSBS_023_20150514.csv"
"270","50","Pla","PlantDiversity_OSBS_023_20150520.csv"
"271","50","Pla","PlantDiversity_OSBS_024_20150529.csv"
"272","52","Pla","PlantDiversity_OSBS_049_20150921.csv"
"273","110","Sma","SmammalInputData_echartrandatfield-ops.org_2015-06-29-17-11_.csv"
"274","110","Sma","SmammalInputData_echartrandatfield-ops.org_2015-06-29-17-13_.csv"
"275","110","Sma","SmammalInputData_echartrandatfield-ops.org_2015-06-29-17-19_.csv"
"276","110","Sma","SmammalInputData_echartrandatfield-ops.org_2015-06-29-17-22_.csv"
"277","110","Sma","SmammalInputData_echartrandatfield-ops.org_2015-06-29-17-27_.csv"
"278","110","Sma","SmammalInputData_echartrandatfield-ops.org_2015-06-29-17-32_.csv"
"279","110","Sma","SmammalInputData_echartrandatfield-ops.org_2015-06-29-17-38_.csv"
"280","110","Sma","SmammalInputData_echartrandatfield-ops.org_2015-06-29-17-50_.csv"
"281","110","Sma","SmammalInputData_echartrandatfield-ops.org_2015-06-29-17-58_.csv"
"282","110","Sma","SmammalInputData_echartrandatfield-ops.org_2015-06-29-18-02_.csv"
"283","110","Sma","SmammalInputData_echartrandatfield-ops.org_2015-06-29-18-07_.csv"
"284","110","Sma","SmammalInputData_echartrandatfield-ops.org_2015-06-29-18-45_.csv"
"285","110","Sma","SmammalInputData_echartrandatfield-ops.org_2015-06-29-18-55_.csv"
"286","110","Sma","SmammalInputData_echartrandatfield-ops.org_2015-06-29-19-09_.csv"
"287","110","Sma","SmammalInputData_echartrandatfield-ops.org_2015-06-29-19-18_.csv"
"288","110","Sma","SmammalInputData_echartrandatfield-ops.org_2015-06-29-19-37_.csv"
"289","110","Sma","SmammalInputData_echartrandatfield-ops.org_2015-06-29-19-58_.csv"
"290","110","Sma","SmammalInputData_echartrandatfield-ops.org_2015-06-29-20-22_.csv"
"291","110","Sma","SmammalInputData_echartrandatfield-ops.org_2015-06-29-20-34_.csv"
"292","110","Sma","SmammalInputData_echartrandatfield-ops.org_2015-06-29-20-43_.csv"
"293","110","Sma","SmammalInputData_echartrandatfield-ops.org_2015-06-29-20-52_.csv"
"294","110","Sma","SmammalInputData_echartrandatfield-ops.org_2015-06-29-21-05_.csv"
"295","110","Sma","SmammalInputData_echartrandatfield-ops.org_2015-06-29-21-25_.csv"
"296","110","Sma","SmammalInputData_echartrandatfield-ops.org_2015-06-29-21-56_.csv"
"297","110","Sma","SmammalInputData_echartrandatfield-ops.org_2015-07-02-17-47_.csv"
"298","110","Sma","SmammalInputData_echartrandatfield-ops.org_2015-07-02-18-10_.csv"
"299","110","Sma","SmammalInputData_echartrandatfield-ops.org_2015-07-02-18-53_.csv"
"300","110","Sma","SmammalInputData_echartrandatfield-ops.org_2015-07-02-19-23_.csv"
"301","110","Sma","SmammalInputData_echartrandatfield-ops.org_2015-07-02-19-48_.csv"
"302","110","Sma","SmammalInputData_echartrandatfield-ops.org_2015-07-06-20-46_.csv"
"303","110","Sma","SmammalInputData_echartrandatfield-ops.org_2015-07-07-20-47_.csv"
"304","110","Sma","SmammalInputData_echartrandatfield-ops.org_2015-07-08-19-42_.csv"
"305","110","Sma","SmammalInputData_echartrandatfield-ops.org_2015-07-20-18-58_.csv"
"306","110","Sma","SmammalInputData_echartrandatfield-ops.org_2015-07-20-19-26_.csv"
"307","110","Sma","SmammalInputData_echartrandatfield-ops.org_2015-07-20-20-02_.csv"
"308","110","Sma","SmammalInputData_echartrandatfield-ops.org_2015-07-20-20-06_.csv"
"309","110","Sma","SmammalInputData_echartrandatfield-ops.org_2015-07-20-20-10_.csv"
"310","110","Sma","SmammalInputData_echartrandatfield-ops.org_2015-07-20-20-15_.csv"
"311","110","Sma","SmammalInputData_echartrandatfield-ops.org_2015-07-20-20-23_.csv"
"312","110","Sma","SmammalInputData_echartrandatfield-ops.org_2015-07-20-20-25_.csv"
"313","110","Sma","SmammalInputData_echartrandatfield-ops.org_2015-07-20-20-30_.csv"
"314","110","Sma","SmammalInputData_echartrandatfield-ops.org_2015-07-20-20-34_.csv"
"315","110","Sma","SmammalInputData_echartrandatfield-ops.org_2015-07-20-20-41_.csv"
"316","110","Sma","SmammalInputData_echartrandatfield-ops.org_2015-07-20-20-46_.csv"
"317","110","Sma","SmammalInputData_echartrandatfield-ops.org_2015-07-20-20-49_.csv"
"318","110","Sma","SmammalInputData_echartrandatfield-ops.org_2015-07-20-20-56_.csv"
"319","110","Sma","SmammalInputData_echartrandatfield-ops.org_2015-07-21-16-58_.csv"
"320","110","Sma","SmammalInputData_echartrandatfield-ops.org_2015-07-21-17-06_.csv"
"321","110","Sma","SmammalInputData_echartrandatfield-ops.org_2015-07-21-17-12_.csv"
"322","110","Sma","SmammalInputData_echartrandatfield-ops.org_2015-07-21-17-18_.csv"
"323","110","Sma","SmammalInputData_echartrandatfield-ops.org_2015-07-21-17-29_.csv"
"324","110","Sma","SmammalInputData_echartrandatfield-ops.org_2015-07-22-13-00_.csv"
"325","110","Sma","SmammalInputData_echartrandatfield-ops.org_2015-07-22-13-14_.csv"
"326","110","Sma","SmammalInputData_echartrandatfield-ops.org_2015-07-22-19-45_.csv"
"327","110","Sma","SmammalInputData_echartrandatfield-ops.org_2015-07-22-19-50_.csv"
"328","110","Sma","SmammalInputData_echartrandatfield-ops.org_2015-07-22-20-03_.csv"
"329","110","Sma","SmammalInputData_echartrandatfield-ops.org_2015-07-22-20-15_.csv"
"330","110","Sma","SmammalInputData_echartrandatfield-ops.org_2015-07-22-20-23_.csv"
"331","110","Sma","SmammalInputData_echartrandatfield-ops.org_2015-09-16-18-10_.csv"
"332","110","Sma","SmammalInputData_echartrandatfield-ops.org_2015-09-24-18-14_.csv"
"333","110","Sma","SmammalInputData_echartrandatfield-ops.org_2015-09-24-18-19_.csv"
"334","110","Sma","SmammalInputData_echartrandatfield-ops.org_2015-09-24-18-23_.csv"
"335","110","Sma","SmammalInputData_echartrandatfield-ops.org_2015-09-24-18-26_.csv"
"336","110","Sma","SmammalInputData_echartrandatfield-ops.org_2015-09-24-18-41_.csv"
"337","110","Sma","SmammalInputData_echartrandatfield-ops.org_2015-09-24-18-46_.csv"
"338","110","Sma","SmammalInputData_echartrandatfield-ops.org_2015-09-30-15-43_.csv"
"339","110","Sma","SmammalInputData_echartrandatfield-ops.org_2015-09-30-16-43_.csv"
"340","110","Sma","SmammalInputData_echartrandatfield-ops.org_2015-09-30-17-45_.csv"
"341","110","Sma","SmammalInputData_echartrandatfield-ops.org_2015-09-30-18-30_.csv"
"342","110","Sma","SmammalInputData_echartrandatfield-ops.org_2015-09-30-18-49_.csv"
"343","110","Sma","SmammalInputData_echartrandatfield-ops.org_2015-09-30-19-55_.csv"
"344","111","Sma","SmammalInputData_echartrandatfield-ops.org_2015-09-30-20-53_.csv"
"345","110","Sma","SmammalInputData_echartrandatfield-ops.org_2015-10-01-19-53_.csv"
"346","110","Sma","SmammalInputData_echartrandatfield-ops.org_2015-10-01-19-56_.csv"
"347","110","Sma","SmammalInputData_echartrandatfield-ops.org_2015-10-01-20-01_.csv"
"348","110","Sma","SmammalInputData_echartrandatfield-ops.org_2015-10-01-20-08_.csv"
"349","110","Sma","SmammalInputData_echartrandatfield-ops.org_2015-10-01-20-10_.csv"
"350","110","Sma","SmammalInputData_echartrandatfield-ops.org_2015-10-01-20-28_.csv"
"351","110","Sma","SmammalInputData_echartrandatfield-ops.org_2015-10-02-12-49_.csv"
"352","110","Sma","SmammalInputData_echartrandatfield-ops.org_2015-10-02-12-54_.csv"
"353","110","Sma","SmammalInputData_echartrandatfield-ops.org_2015-10-02-12-58_.csv"
"354","110","Sma","SmammalInputData_echartrandatfield-ops.org_2015-10-02-13-25_.csv"
"355","110","Sma","SmammalInputData_echartrandatfield-ops.org_2015-10-22-19-57_.csv"
"356","110","Sma","SmammalInputData_echartrandatfield-ops.org_2015-10-22-20-23_.csv"
"357","110","Sma","SmammalInputData_echartrandatfield-ops.org_2015-10-22-20-45_.csv"
"358","110","Sma","SmammalInputData_echartrandatfield-ops.org_2015-10-22-20-53_.csv"
"359","110","Sma","SmammalInputData_echartrandatfield-ops.org_2015-10-23-17-10_.csv"
"360","110","Sma","SmammalInputData_echartrandatfield-ops.org_2015-10-23-17-16_.csv"
"361","110","Sma","SmammalInputData_echartrandatfield-ops.org_2015-10-23-17-20_.csv"
"362","110","Sma","SmammalInputData_echartrandatfield-ops.org_2015-10-23-17-29_.csv"
"363","14","Sma","SmammalInputData_echartrandatfield-ops.org_2015-10-23-17-37_.csv"
"364","110","Sma","SmammalInputData_echartrandatfield-ops.org_2015-10-23-17-41_.csv"
"365","110","Sma","SmammalInputData_echartrandatfield-ops.org_2015-10-23-17-58_.csv"
"366","110","Sma","SmammalInputData_echartrandatfield-ops.org_2015-10-23-18-05_.csv"
"367","110","Sma","SmammalInputData_echartrandatfield-ops.org_2015-10-23-18-08_.csv"
"368","110","Sma","SmammalInputData_echartrandatfield-ops.org_2015-10-23-18-16_.csv"
"369","110","Sma","SmammalInputData_echartrandatfield-ops.org_2015-10-23-18-19_.csv"
"370","110","Sma","SmammalInputData_echartrandatfield-ops.org_2015-10-23-18-33_.csv"
"371","110","Sma","SmammalInputData_krossatfield-ops.org_2015-08-18-16-46_.csv"
"372","110","Sma","SmammalInputData_krossatfield-ops.org_2015-08-18-17-00_.csv"
"373","110","Sma","SmammalInputData_krossatfield-ops.org_2015-08-20-17-45_.csv"
"374","110","Sma","SmammalInputData_krossatfield-ops.org_2015-10-16-14-01_.csv"
"375","2950","Sma","SmammalInputData_krossatfield-ops.org_2015-10-16-14-36_.csv"
"376","2939","Sma","SmammalInputData_krossatfield-ops.org_2015-10-16-14-50_.csv"
"377","2939","Sma","SmammalInputData_krossatfield-ops.org_2015-10-16-14-58_.csv"
"378","2946","Sma","SmammalInputData_krossatfield-ops.org_2015-10-16-15-21_.csv"
"379","2943","Sma","SmammalInputData_krossatfield-ops.org_2015-10-16-15-26_.csv"
"380","2951","Sma","SmammalInputData_krossatfield-ops.org_2015-10-16-15-40_.csv"
"381","110","Sma","SmammalInputData_ltiradoatfield-ops.org_2015-08-18-16-39_.csv"
"382","110","Sma","SmammalInputData_ltiradoatfield-ops.org_2015-08-18-17-32_.csv"
"383","110","Sma","SmammalInputData_ltiradoatfield-ops.org_2015-08-19-15-24_.csv"
"384","110","Sma","SmammalInputData_ltiradoatfield-ops.org_2015-08-19-17-47_.csv"
"385","110","Sma","SmammalInputData_ltiradoatfield-ops.org_2015-08-21-14-30_.csv"
"386","110","Sma","SmammalInputData_ltiradoatfield-ops.org_2015-08-21-15-03_.csv"
"387","110","Sma","SmammalInputData_ltiradoatfield-ops.org_2015-08-21-15-17_.csv"
"388","110","Sma","SmammalInputData_ltiradoatfield-ops.org_2015-08-21-15-35_.csv"
"389","110","Sma","SmammalInputData_ltiradoatfield-ops.org_2015-08-24-15-24_.csv"
"390","110","Sma","SmammalInputData_ltiradoatfield-ops.org_2015-08-24-15-27_.csv"
"391","110","Sma","SmammalInputData_ltiradoatfield-ops.org_2015-08-24-16-49_.csv"
"392","110","Sma","SmammalInputData_ltiradoatfield-ops.org_2015-08-24-16-55_.csv"
"393","110","Sma","SmammalInputData_ltiradoatfield-ops.org_2015-08-24-17-03_.csv"
"394","2939","Sma","SmammalInputData_lwilkinsonatfield-ops.org_2015-08-18-17-56_.csv"
"395","2939","Sma","SmammalInputData_lwilkinsonatfield-ops.org_2015-08-19-15-17_.csv"
"396","2943","Sma","SmammalInputData_lwilkinsonatfield-ops.org_2015-08-19-17-08_.csv"
"397","2939","Sma","SmammalInputData_lwilkinsonatfield-ops.org_2015-08-19-17-58_.csv"
"398","2940","Sma","SmammalInputData_lwilkinsonatfield-ops.org_2015-08-24-14-04_.csv"
"399","2943","Sma","SmammalInputData_lwilkinsonatfield-ops.org_2015-08-24-14-51_.csv"
"400","271","Sma","SmammalInputData_rvistocciatfield-ops.org_2015-05-28-21-21_.csv"
"401","300","Sma","SmammalInputData_rvistocciatfield-ops.org_2015-05-28-21-36_.csv"
"402","2939","Sma","SmammalInputData_rvistocciatfield-ops.org_2015-05-28-21-40_.csv"
"403","2939","Sma","SmammalInputData_rvistocciatfield-ops.org_2015-05-28-21-43_.csv"
"404","2939","Sma","SmammalInputData_rvistocciatfield-ops.org_2015-05-28-21-46_.csv"
"405","2939","Sma","SmammalInputData_rvistocciatfield-ops.org_2015-05-28-21-49_.csv"
"406","2940","Sma","SmammalInputData_rvistocciatfield-ops.org_2015-05-28-21-58_.csv"
"407","2940","Sma","SmammalInputData_rvistocciatfield-ops.org_2015-05-28-22-10_.csv"
"408","2939","Sma","SmammalInputData_rvistocciatfield-ops.org_2015-05-29-12-33_.csv"
"409","2939","Sma","SmammalInputData_rvistocciatfield-ops.org_2015-05-29-12-39_.csv"
"410","2939","Sma","SmammalInputData_rvistocciatfield-ops.org_2015-05-29-12-43_.csv"
"411","2941","Sma","SmammalInputData_rvistocciatfield-ops.org_2015-05-29-12-47_.csv"
"412","2939","Sma","SmammalInputData_rvistocciatfield-ops.org_2015-05-29-12-53_.csv"
"413","2939","Sma","SmammalInputData_rvistocciatfield-ops.org_2015-05-29-13-02_.csv"
"414","2939","Sma","SmammalInputData_rvistocciatfield-ops.org_2015-05-29-13-17_.csv"
"415","2942","Sma","SmammalInputData_rvistocciatfield-ops.org_2015-05-29-13-32_.csv"
"416","2942","Sma","SmammalInputData_rvistocciatfield-ops.org_2015-05-29-16-03_.csv"
"417","2939","Sma","SmammalInputData_rvistocciatfield-ops.org_2015-05-29-16-16_.csv"
"418","2941","Sma","SmammalInputData_rvistocciatfield-ops.org_2015-05-29-17-54_.csv"
"419","2939","Sma","SmammalInputData_rvistocciatfield-ops.org_2015-05-29-18-02_.csv"
"420","2942","Sma","SmammalInputData_rvistocciatfield-ops.org_2015-05-29-18-27_.csv"
"421","2939","Sma","SmammalInputData_rvistocciatfield-ops.org_2015-05-29-19-32_.csv"
"422","2942","Sma","SmammalInputData_rvistocciatfield-ops.org_2015-05-29-20-25_.csv"
"423","2939","Sma","SmammalInputData_rvistocciatfield-ops.org_2015-05-29-20-52_.csv"
"424","2939","Sma","SmammalInputData_rvistocciatfield-ops.org_2015-05-29-21-16_.csv"
"425","2941","Sma","SmammalInputData_rvistocciatfield-ops.org_2015-10-05-21-06_.csv"
"426","2939","Sma","SmammalInputData_rvistocciatfield-ops.org_2015-10-05-21-25_.csv"
"427","2940","Sma","SmammalInputData_rvistocciatfield-ops.org_2015-10-05-21-36_.csv"
"428","2939","Sma","SmammalInputData_rvistocciatfield-ops.org_2015-10-05-22-10_.csv"
"429","2939","Sma","SmammalInputData_rvistocciatfield-ops.org_2015-10-05-22-19_.csv"
"430","2939","Sma","SmammalInputData_rvistocciatfield-ops.org_2015-10-05-22-29_.csv"
"431","2939","Sma","SmammalInputData_rvistocciatfield-ops.org_2015-10-05-22-36_.csv"
"432","59","D03","D03_tck_collection_in.csv"
"433","27","tck","tck_larvalprocessing_in.csv"
"434","40","tow","towerOnly_vst_perother_perbout.csv"
"435","52","tow","towerOnly_vst_perplot.csv"
"436","3875","vst","vst_apparentindividual_in_D03.csv"
"437","1819","vst","vst_mapping_in_D03.csv"
"438","2086","vst","vst_other_in_D03.csv"
"439","175","vst","vst_perplot_in_D03.csv"
"440","22","vst","vst_shrubgroup_D03.csv"
"441","871","dhp","dhp_imagefile_in_D04.csv"
"442","54","dhp","dhp_perplot_in_D04.csv"
"443","292","ltr","ltr_fielddata_in_D04.csv"
"444","1238","ltr","ltr_massdata_in_D04.csv"
"445","81","ltr","ltr_pertrap_in_D04.csv"
"446","78","soi","soil_soilPH_in_d04.csv"
"447","57","soi","soils_soilcorecollection_in_D04.csv"
"448","55","soi","soils_soilmoisture_in_D04.csv"
"449","130","vst","vst_apparentindividual_in_D04.csv"
"450","1835","vst","vst_mapping_in_D04.csv"
"451","1781","vst","vst_mapping_in_D04_vegChar.csv"
"452","23","vst","vst_other_in_D04.csv"
"453","107","vst","vst_other_in_D04_vegChar.csv"
"454","66","vst","vst_perplot_in_D04.csv"
"455","8","vst","vst_shrubgroup_D04_vegChar.csv"
"456","0","vst","vst_shrubgroup_in_D04.csv"
"457","108","vst","vst_mapping_in.csv"
"458","108","vst","vst_mapping_in_D04_taxonIDcodes_csv.csv"
"459","29","vst","vst_perplot_in_D04.csv"
"460","483","mos","mos_trapping_D05_v2.csv"
"461","182","cdw","cdw_tally_in_D05.csv"
"462","2","err","errorRateTracking.csv"
"463","2441","dhp","dhp_imagefile_in_D05.csv"
"464","102","dhp","dhp_perplot_in_D05.csv"
"465","6","err","errorRateTracking.csv"
"466","5","err","errorRateTracking.csv"
"467","448","ltr","ltr_fielddata_in_D05.csv"
"468","1612","ltr","ltr_massdata_in_D05.csv"
"469","110","ltr","ltr_pertrap_in_D05.csv"
"470","74","soi","soil_soilPH_in_D05.csv"
"471","64","soi","soils_soilcorecollection_in_D05.csv"
"472","66","soi","soils_soilmoisture_in_D05.csv"
"473","15","tck","tck_larvalprocessing_in_D05.csv"
"474","828","dhp","dhp_imagefile_D06.csv"
"475","49","dhp","dhp_perplot_D06.csv"
"476","282","ltr","ltr_fielddata_in_D06.csv"
"477","1061","ltr","ltr_massdata_in_D06.csv"
"478","94","ltr","ltr_pertrap_in_D06.csv"
"479","72","sls","sls_moisture_D06.csv"
"480","73","sls","sls_soilcorecollection_D06.csv"
"481","98","sls","sls_soilPH_D06.csv"
"482","72","tck","tck_collection_D06.csv"
"483","17","tck","tck_larvalprocessing_D06.csv"
"484","54","GRS","GRSM_field_20150713-0727_bet.csv"
"485","16","GRS","GRSM_field_20151022_bet.csv"
"486","43","ORN","ORNL_field_20150428_bet.csv"
"487","42","ORN","ORNL_field_20150512_bet.csv"
"488","117","ORN","ORNL_field_20150526-0623_bet.csv"
"489","154","ORN","ORNL_field_20150707-0818_bet.csv"
"490","42","ORN","ORNL_field_20150901_bet.csv"
"491","44","ORN","ORNL_field_20150915_bet.csv"
"492","1807","ORN","ORNL_GRSM_dhp_imagefile_2015.csv"
"493","79","ORN","ORNL_GRSM_dhp_perplot_2015.csv"
"494","200","ORN","ORNL_ltr_fielddata_2015.csv"
"495","904","ORN","ORNL_ltr_massdata_2015.csv"
"496","80","ORN","ORNL_ltr_pertrap_2015.csv"
"497","110","GRS","GRSM_003_20150519_mam.csv"
"498","110","GRS","GRSM_003_20150714_mam.csv"
"499","110","GRS","GRSM_003_20150714_mam.xlsx"
"500","110","GRS","GRSM_003_20150915_mam.csv"
"501","110","GRS","GRSM_003_20150916_mam.csv"
"502","110","GRS","GRSM_003_20150917_mam.csv"
"503","110","GRS","GRSM_003_20151020_mam.csv"
"504","110","GRS","GRSM_003_20151021_mam.csv"
"505","110","GRS","GRSM_013_20150519_mam.csv"
"506","110","GRS","GRSM_013_20150714_mam.csv"
"507","110","GRS","GRSM_014_20150519_mam.csv"
"508","110","GRS","GRSM_014_20150714_mam.csv"
"509","110","GRS","GRSM_014_20150915_mam.csv"
"510","110","GRS","GRSM_014_20150916_mam.csv"
"511","110","GRS","GRSM_014_20150917_mam.csv"
"512","111","GRS","GRSM_014_20151020_mam.csv"
"513","110","GRS","GRSM_014_20151021_mam.csv"
"514","110","GRS","GRSM_014_20151022_mam.csv"
"515","110","GRS","GRSM_015_20150520_mam.csv"
"516","110","GRS","GRSM_015_20150521_mam.csv"
"517","110","GRS","GRSM_015_20150522_mam.csv"
"518","110","GRS","GRSM_015_20150715_mam.csv"
"519","110","GRS","GRSM_020_20150520_mam.csv"
"520","110","GRS","GRSM_020_20150521_mam.csv"
"521","110","GRS","GRSM_020_20150522_mam.csv"
"522","110","GRS","GRSM_020_20150715_mam.csv"
"523","110","GRS","GRSM_020_20150716_mam.csv"
"524","110","GRS","GRSM_020_20150717_mam.csv"
"525","110","GRS","GRSM_020_20150915_mam.csv"
"526","110","GRS","GRSM_020_20150916_mam.csv"
"527","110","GRS","GRSM_020_20150917_mam.csv"
"528","111","GRS","GRSM_020_20151020_mam.csv"
"529","110","GRS","GRSM_033_20150520_mam.csv"
"530","110","GRS","GRSM_033_20150521_mam.csv"
"531","110","GRS","GRSM_033_20150522_mam.csv"
"532","110","GRS","GRSM_033_20150715_mam.csv"
"533","110","GRS","GRSM_033_20150716_mam.csv"
"534","110","ORN","ORNL_001_20150414_mam.csv"
"535","110","ORN","ORNL_001_20150512_mam.csv"
"536","110","ORN","ORNL_001_20150616_mam.csv"
"537","110","ORN","ORNL_001_20150721_mam.csv"
"538","110","ORN","ORNL_001_20150811_mam.csv"
"539","110","ORN","ORNL_001_20150909_mam.csv"
"540","110","ORN","ORNL_002_20150415_mam.csv"
"541","110","ORN","ORNL_002_20150416_mam.csv"
"542","110","ORN","ORNL_002_20150417_mam.csv"
"543","110","ORN","ORNL_002_20150513_mam.csv"
"544","110","ORN","ORNL_002_20150514_mam.csv"
"545","110","ORN","ORNL_002_20150515_mam.csv"
"546","110","ORN","ORNL_002_20150617_mam.csv"
"547","110","ORN","ORNL_002_20150618_mam.csv"
"548","110","ORN","ORNL_002_20150619_mam.csv"
"549","110","ORN","ORNL_002_20150722_mam.xlsx"
"550","110","ORN","ORNL_002_20150723_mam.csv"
"551","110","ORN","ORNL_002_20150724_mam.csv"
"552","110","ORN","ORNL_002_20150812_mam.csv"
"553","110","ORN","ORNL_002_20150813_mam.csv"
"554","110","ORN","ORNL_002_20150814_mam.csv"
"555","110","ORN","ORNL_002_20150909_mam.csv"
"556","110","ORN","ORNL_002_20150910_mam.csv"
"557","110","ORN","ORNL_002_20150911_mam.csv"
"558","110","ORN","ORNL_003_20150415_mam.csv"
"559","110","ORN","ORNL_003_20150416_mam.csv"
"560","110","ORN","ORNL_003_20150417_mam.csv"
"561","110","ORN","ORNL_003_20150513_mam.csv"
"562","110","ORN","ORNL_003_20150514_mam.csv"
"563","110","ORN","ORNL_003_20150515_mam.csv"
"564","110","ORN","ORNL_003_20150617_mam.csv"
"565","111","ORN","ORNL_003_20150618_mam.csv"
"566","110","ORN","ORNL_003_20150619_mam.csv"
"567","110","ORN","ORNL_003_20150722_mam.csv"
"568","110","ORN","ORNL_003_20150723_mam.csv"
"569","110","ORN","ORNL_003_20150724_mam.csv"
"570","110","ORN","ORNL_003_20150812_mam.csv"
"571","110","ORN","ORNL_003_20150813_mam.csv"
"572","110","ORN","ORNL_003_20150814_mam.csv"
"573","110","ORN","ORNL_003_20150909_mam.csv"
"574","110","ORN","ORNL_003_20150910_mam.csv"
"575","110","ORN","ORNL_003_20150911_mam.csv"
"576","110","ORN","ORNL_007_20150414_mam.csv"
"577","110","ORN","ORNL_007_20150512_mam.csv"
"578","110","ORN","ORNL_007_20150616_mam.csv"
"579","110","ORN","ORNL_007_20150721_mam.csv"
"580","110","ORN","ORNL_007_20150811_mam.csv"
"581","110","ORN","ORNL_007_20150909_mam.csv"
"582","110","ORN","ORNL_027_20150415_mam.csv"
"583","110","ORN","ORNL_027_20150416_mam.csv"
"584","110","ORN","ORNL_027_20150417_mam.csv"
"585","110","ORN","ORNL_027_20150513_mam.csv"
"586","110","ORN","ORNL_027_20150514_mam.csv"
"587","110","ORN","ORNL_027_20150515_mam.csv"
"588","110","ORN","ORNL_027_20150617_mam.csv"
"589","110","ORN","ORNL_027_20150618_mam.csv"
"590","110","ORN","ORNL_027_20150619_mam.csv"
"591","110","ORN","ORNL_027_20150722_mam.csv"
"592","110","ORN","ORNL_027_20150723_mam.csv"
"593","110","ORN","ORNL_027_20150724_mam.csv"
"594","110","ORN","ORNL_027_20150813_mam.csv"
"595","110","ORN","ORNL_027_20150814_mam.csv"
"596","110","ORN","ORNL_027_20150909_mam.csv"
"597","110","ORN","ORNL_027_20150910_mam.csv"
"598","110","ORN","ORNL_027_20150911_mam.csv"
"599","110","ORN","ORNL_039_20150414_mam.csv"
"600","110","ORN","ORNL_039_20150512_mam.csv"
"601","110","ORN","ORNL_039_20150616_mam.csv"
"602","110","ORN","ORNL_039_20150721_mam.csv"
"603","110","ORN","ORNL_039_20150811_mam.csv"
"604","110","ORN","ORNL_039_20150909_mam.csv"
"605","6543","ORN","ORNL_064_20150320_PHE.csv"
"606","6598","ORN","ORNL_064_20150325_PHE.csv"
"607","640","ORN","ORNL_064_20150327_PHE.csv"
"608","640","ORN","ORNL_064_20150330_PHE.csv"
"609","640","ORN","ORNL_064_20150401_PHE.csv"
"610","640","ORN","ORNL_064_20150403_PHE.xlsx"
"611","640","ORN","ORNL_064_20150406_PHE.csv"
"612","640","ORN","ORNL_064_20150408_PHE.csv"
"613","640","ORN","ORNL_064_20150410_PHE.csv"
"614","640","ORN","ORNL_064_20150413_PHE.csv"
"615","640","ORN","ORNL_064_20150417_PHE.csv"
"616","640","ORN","ORNL_064_20150420_PHE.csv"
"617","640","ORN","ORNL_064_20150422_PHE.csv"
"618","640","ORN","ORNL_064_20150424_PHE.csv"
"619","640","ORN","ORNL_064_20150427_PHE.csv"
"620","640","ORN","ORNL_064_20150429_PHE.xlsx"
"621","640","ORN","ORNL_064_20150501_PHE.csv"
"622","640","ORN","ORNL_064_20150504_PHE.csv"
"623","633","ORN","ORNL_064_20150506_PHE.csv"
"624","640","ORN","ORNL_064_20150508_PHE.csv"
"625","640","ORN","ORNL_064_20150512_PHE.csv"
"626","640","ORN","ORNL_064_20150519_PHE.csv"
"627","640","ORN","ORNL_064_20150527_PHE.xlsx"
"628","640","ORN","ORNL_064_20150603_PHE.csv"
"629","640","ORN","ORNL_064_20150610_PHE.csv"
"630","89","tck","tck_collection_in.csv"
"631","33","tck","tck_larvalprocessing_in.csv"
"632","4","DEL","DELA_001_20150610_betfield.csv"
"633","4","DEL","DELA_001_20150624_betfield.csv"
"634","4","DEL","DELA_001_20150708_betfield.csv"
"635","4","DEL","DELA_001_20150722_betfield.csv"
"636","4","DEL","DELA_001_20150805_betfield.csv"
"637","4","DEL","DELA_001_20150819_betfield.csv"
"638","4","DEL","DELA_001_20150902_betfield.csv"
"639","4","DEL","DELA_001_20150916_betfield.csv"
"640","4","DEL","DELA_002_20150610_betfield.csv"
"641","3","DEL","DELA_002_20150624_betfield.csv"
"642","4","DEL","DELA_002_20150708_betfield.csv"
"643","4","DEL","DELA_002_20150722_betfield.csv"
"644","4","DEL","DELA_002_20150805_betfield.csv"
"645","4","DEL","DELA_002_20150819_betfield.csv"
"646","4","DEL","DELA_002_20150902_betfield.csv"
"647","4","DEL","DELA_002_20150916_betfield.csv"
"648","4","DEL","DELA_003_20150610_betfield.csv"
"649","4","DEL","DELA_003_20150708_betfield.csv"
"650","4","DEL","DELA_003_20150722_betfield.csv"
"651","4","DEL","DELA_003_20150805_betfield.csv"
"652","4","DEL","DELA_003_20150819_betfield.csv"
"653","4","DEL","DELA_003_20150902_betfield.csv"
"654","4","DEL","DELA_003_20150916_betfield.csv"
"655","4","DEL","DELA_004_20150610_betfield.csv"
"656","4","DEL","DELA_004_20150624_betfield.csv"
"657","4","DEL","DELA_004_20150708_betfield.csv"
"658","4","DEL","DELA_004_20150722_betfield.csv"
"659","4","DEL","DELA_004_20150805_betfield.csv"
"660","4","DEL","DELA_004_20150819_betfield.csv"
"661","4","DEL","DELA_004_20150902_betfield.csv"
"662","4","DEL","DELA_004_20150916_betfield.csv"
"663","4","DEL","DELA_005_20150610_betfield.csv"
"664","4","DEL","DELA_005_20150624_betfield.csv"
"665","4","DEL","DELA_005_20150708_betfield.csv"
"666","4","DEL","DELA_005_20150722_betfield.csv"
"667","4","DEL","DELA_005_20150805_betfield.csv"
"668","4","DEL","DELA_005_20150819_betfield.csv"
"669","4","DEL","DELA_005_20150902_betfield.csv"
"670","4","DEL","DELA_005_20150916_betfield.csv"
"671","4","DEL","DELA_006_20150610_betfield.csv"
"672","4","DEL","DELA_006_20150624_betfield.csv"
"673","4","DEL","DELA_006_20150708_betfield.csv"
"674","4","DEL","DELA_006_20150722_betfield.csv"
"675","4","DEL","DELA_006_20150805_betfield.csv"
"676","4","DEL","DELA_006_20150819_betfield.csv"
"677","4","DEL","DELA_006_20150902_betfield.csv"
"678","4","DEL","DELA_006_20150916_betfield.csv"
"679","4","DEL","DELA_007_20150610_betfield.csv"
"680","1","DEL","DELA_007_20150624_betfield.csv"
"681","3","DEL","DELA_007_20150708_betfield.csv"
"682","3","DEL","DELA_007_20150722_betfield.csv"
"683","4","DEL","DELA_007_20150805_betfield.csv"
"684","4","DEL","DELA_007_20150819_betfield.csv"
"685","3","DEL","DELA_007_20150902_betfield.csv"
"686","3","DEL","DELA_007_20150916_betfield.csv"
"687","4","DEL","DELA_008_20150610_betfield.csv"
"688","1","DEL","DELA_008_20150624_betfield.csv"
"689","1","DEL","DELA_008_20150708_betfield.csv"
"690","4","DEL","DELA_008_20150805_betfield.csv"
"691","4","DEL","DELA_008_20150819_betfield.csv"
"692","4","DEL","DELA_008_20150902_betfield.csv"
"693","4","DEL","DELA_008_20150916_betfield.csv"
"694","4","DEL","DELA_009_20150610_betfield.csv"
"695","4","DEL","DELA_009_20150624_betfield.csv"
"696","4","DEL","DELA_009_20150708_betfield.csv"
"697","4","DEL","DELA_009_20150722_betfield.csv"
"698","4","DEL","DELA_009_20150805_betfield.csv"
"699","4","DEL","DELA_009_20150819_betfield.csv"
"700","4","DEL","DELA_009_20150902_betfield.csv"
"701","4","DEL","DELA_009_20150916_betfield.csv"
"702","4","DEL","DELA_014_20150610_betfield.csv"
"703","4","DEL","DELA_014_20150624_betfield.csv"
"704","4","DEL","DELA_014_20150708_betfield.csv"
"705","4","DEL","DELA_014_20150722_betfield.csv"
"706","4","DEL","DELA_014_20150805_betfield.csv"
"707","4","DEL","DELA_014_20150819_betfield.csv"
"708","4","DEL","DELA_014_20150902_betfield.csv"
"709","4","DEL","DELA_014_20150916_betfield.csv"
"710","4","TAL","TALL_001_20150611_betfield.csv"
"711","1","TAL","TALL_001_20150611_betpin.csv"
"712","2","TAL","TALL_001_20150611_betsort.csv"
"713","4","TAL","TALL_001_20150625_betfield.csv"
"714","1","TAL","TALL_001_20150625_betpin.csv"
"715","2","TAL","TALL_001_20150625_betsort.csv"
"716","4","TAL","TALL_001_20150709_betfield.csv"
"717","1","TAL","TALL_001_20150709_betpin.csv"
"718","2","TAL","TALL_001_20150709_betsort.csv"
"719","4","TAL","TALL_001_20150724_betfield.csv"
"720","1","TAL","TALL_001_20150724_betpin.csv"
"721","2","TAL","TALL_001_20150724_betsort.csv"
"722","4","TAL","TALL_001_20150806_betfield.csv"
"723","3","TAL","TALL_001_20150806_betpin.csv"
"724","4","TAL","TALL_001_20150806_betsort.csv"
"725","4","TAL","TALL_001_20150820_betfield.csv"
"726","1","TAL","TALL_001_20150820_betpin.csv"
"727","2","TAL","TALL_001_20150820_betsort.csv"
"728","4","TAL","TALL_001_20150903_betfield.csv"
"729","2","TAL","TALL_001_20150903_betpin.csv"
"730","5","TAL","TALL_001_20150903_betsort.csv"
"731","4","TAL","TALL_001_20150917_betfield.csv"
"732","2","TAL","TALL_001_20150917_betsort.csv"
"733","4","TAL","TALL_002_20150611_betfield.csv"
"734","1","TAL","TALL_002_20150611_betsort.csv"
"735","4","TAL","TALL_002_20150625_betfield.csv"
"736","1","TAL","TALL_002_20150625_betpin.csv"
"737","2","TAL","TALL_002_20150625_betsort.csv"
"738","4","TAL","TALL_002_20150709_betfield.csv"
"739","2","TAL","TALL_002_20150709_betpin.csv"
"740","3","TAL","TALL_002_20150709_betsort.csv"
"741","4","TAL","TALL_002_20150724_betfield.csv"
"742","2","TAL","TALL_002_20150724_betpin.csv"
"743","3","TAL","TALL_002_20150724_betsort.csv"
"744","4","TAL","TALL_002_20150806_betfield.csv"
"745","1","TAL","TALL_002_20150806_betsort.csv"
"746","4","TAL","TALL_002_20150820_betfield.csv"
"747","1","TAL","TALL_002_20150820_betsort.csv"
"748","4","TAL","TALL_002_20150903_betfield.csv"
"749","1","TAL","TALL_002_20150903_betsort.csv"
"750","4","TAL","TALL_002_20150917_betfield.csv"
"751","2","TAL","TALL_002_20150917_betpin.csv"
"752","3","TAL","TALL_002_20150917_betsort.csv"
"753","4","TAL","TALL_003_20150611_betfield.csv"
"754","1","TAL","TALL_003_20150611_betpin.csv"
"755","2","TAL","TALL_003_20150611_betsort.csv"
"756","4","TAL","TALL_003_20150625_betfield.csv"
"757","4","TAL","TALL_003_20150625_betpin.csv"
"758","4","TAL","TALL_003_20150625_betsort.csv"
"759","4","TAL","TALL_003_20150709_betfield.csv"
"760","7","TAL","TALL_003_20150709_betpin.csv"
"761","5","TAL","TALL_003_20150709_betsort.csv"
"762","4","TAL","TALL_003_20150724_betfield.csv"
"763","5","TAL","TALL_003_20150724_betpin.csv"
"764","5","TAL","TALL_003_20150724_betsort.csv"
"765","4","TAL","TALL_003_20150806_betfield.csv"
"766","1","TAL","TALL_003_20150806_betpin.csv"
"767","2","TAL","TALL_003_20150806_betsort.csv"
"768","4","TAL","TALL_003_20150820_betfield.csv"
"769","4","TAL","TALL_003_20150820_betpin.csv"
"770","5","TAL","TALL_003_20150820_betsort.csv"
"771","4","TAL","TALL_003_20150903_betfield.csv"
"772","25","TAL","TALL_003_20150903_betpin.csv"
"773","7","TAL","TALL_003_20150903_betsort.csv"
"774","4","TAL","TALL_003_20150917_betfield.csv"
"775","8","TAL","TALL_003_20150917_betpin.csv"
"776","8","TAL","TALL_003_20150917_betsort.csv"
"777","4","TAL","TALL_004_20150611_betfield.csv"
"778","1","TAL","TALL_004_20150611_betpin.csv"
"779","2","TAL","TALL_004_20150611_betsort.csv"
"780","4","TAL","TALL_004_20150625_betfield.csv"
"781","1","TAL","TALL_004_20150625_betsort.csv"
"782","4","TAL","TALL_004_20150709_betfield.csv"
"783","1","TAL","TALL_004_20150709_betsort.csv"
"784","4","TAL","TALL_004_20150724_betfield.csv"
"785","1","TAL","TALL_004_20150724_betsort.csv"
"786","4","TAL","TALL_004_20150806_betfield.csv"
"787","1","TAL","TALL_004_20150806_betsort.csv"
"788","4","TAL","TALL_004_20150820_betfield.csv"
"789","1","TAL","TALL_004_20150820_betsort.csv"
"790","4","TAL","TALL_004_20150903_betfield.csv"
"791","1","TAL","TALL_004_20150903_betsort.csv"
"792","4","TAL","TALL_004_20150917_betfield.csv"
"793","1","TAL","TALL_004_20150917_betsort.csv"
"794","4","TAL","TALL_005_20150611_betfield.csv"
"795","1","TAL","TALL_005_20150611_betpin.csv"
"796","2","TAL","TALL_005_20150611_betsort.csv"
"797","4","TAL","TALL_005_20150625_betfield.csv"
"798","2","TAL","TALL_005_20150625_betpin.csv"
"799","3","TAL","TALL_005_20150625_betsort.csv"
"800","4","TAL","TALL_005_20150709_betfield.csv"
"801","5","TAL","TALL_005_20150709_betpin.csv"
"802","6","TAL","TALL_005_20150709_betsort.csv"
"803","4","TAL","TALL_005_20150724_betfield.csv"
"804","3","TAL","TALL_005_20150724_betpin.csv"
"805","4","TAL","TALL_005_20150724_betsort.csv"
"806","4","TAL","TALL_005_20150806_betfield.csv"
"807","2","TAL","TALL_005_20150806_betpin.csv"
"808","3","TAL","TALL_005_20150806_betsort.csv"
"809","4","TAL","TALL_005_20150820_betfield.csv"
"810","5","TAL","TALL_005_20150820_betpin.csv"
"811","5","TAL","TALL_005_20150820_betsort.csv"
"812","4","TAL","TALL_005_20150903_betfield.csv"
"813","2","TAL","TALL_005_20150903_betpin.csv"
"814","3","TAL","TALL_005_20150903_betsort.csv"
"815","4","TAL","TALL_005_20150917_betfield.csv"
"816","4","TAL","TALL_005_20150917_betpin.csv"
"817","5","TAL","TALL_005_20150917_betsort.csv"
"818","4","TAL","TALL_006_20150611_betfield.csv"
"819","1","TAL","TALL_006_20150611_betsort.csv"
"820","4","TAL","TALL_006_20150625_betfield.csv"
"821","1","TAL","TALL_006_20150625_betsort.csv"
"822","4","TAL","TALL_006_20150709_betfield.csv"
"823","1","TAL","TALL_006_20150709_betsort.csv"
"824","4","TAL","TALL_006_20150724_betfield.csv"
"825","1","TAL","TALL_006_20150724_betsort.csv"
"826","4","TAL","TALL_006_20150806_betfield.csv"
"827","1","TAL","TALL_006_20150806_betsort.csv"
"828","4","TAL","TALL_006_20150820_betfield.csv"
"829","1","TAL","TALL_006_20150820_betsort.csv"
"830","4","TAL","TALL_006_20150903_betfield.csv"
"831","1","TAL","TALL_006_20150903_betsort.csv"
"832","4","TAL","TALL_006_20150917_betfield.csv"
"833","1","TAL","TALL_006_20150917_betsort.csv"
"834","4","TAL","TALL_007_20150611_betfield.csv"
"835","2","TAL","TALL_007_20150611_betpin.csv"
"836","2","TAL","TALL_007_20150611_betsort.csv"
"837","4","TAL","TALL_007_20150625_betfield.csv"
"838","2","TAL","TALL_007_20150625_betpin.csv"
"839","3","TAL","TALL_007_20150625_betsort.csv"
"840","4","TAL","TALL_007_20150709_betfield.csv"
"841","2","TAL","TALL_007_20150709_betpin.csv"
"842","4","TAL","TALL_007_20150709_betsort.csv"
"843","4","TAL","TALL_007_20150724_betfield.csv"
"844","4","TAL","TALL_007_20150724_betpin.csv"
"845","5","TAL","TALL_007_20150724_betsort.csv"
"846","4","TAL","TALL_007_20150806_betfield.csv"
"847","1","TAL","TALL_007_20150806_betsort.csv"
"848","4","TAL","TALL_007_20150820_betfield.csv"
"849","2","TAL","TALL_007_20150820_betpin.csv"
"850","2","TAL","TALL_007_20150820_betsort.csv"
"851","4","TAL","TALL_007_20150903_betfield.csv"
"852","2","TAL","TALL_007_20150903_betsort.csv"
"853","4","TAL","TALL_007_20150917_betfield.csv"
"854","1","TAL","TALL_007_20150917_betpin.csv"
"855","3","TAL","TALL_007_20150917_betsort.csv"
"856","4","TAL","TALL_008_20150611_betfield.csv"
"857","1","TAL","TALL_008_20150611_betsort.csv"
"858","4","TAL","TALL_008_20150625_betfield.csv"
"859","3","TAL","TALL_008_20150625_betpin.csv"
"860","3","TAL","TALL_008_20150625_betsort.csv"
"861","4","TAL","TALL_008_20150709_betfield.csv"
"862","2","TAL","TALL_008_20150709_betpin.csv"
"863","5","TAL","TALL_008_20150709_betsort.csv"
"864","4","TAL","TALL_008_20150724_betfield.csv"
"865","4","TAL","TALL_008_20150724_betpin.csv"
"866","5","TAL","TALL_008_20150724_betsort.csv"
"867","4","TAL","TALL_008_20150806_betfield.csv"
"868","3","TAL","TALL_008_20150806_betpin.csv"
"869","4","TAL","TALL_008_20150806_betsort.csv"
"870","4","TAL","TALL_008_20150820_betfield.csv"
"871","1","TAL","TALL_008_20150820_betsort.csv"
"872","4","TAL","TALL_008_20150903_betfield.csv"
"873","1","TAL","TALL_008_20150903_betpin.csv"
"874","3","TAL","TALL_008_20150903_betsort.csv"
"875","4","TAL","TALL_008_20150917_betfield.csv"
"876","1","TAL","TALL_008_20150917_betpin.csv"
"877","2","TAL","TALL_008_20150917_betsort.csv"
"878","1","TAL","TALL_009_20150611_betpin.csv"
"879","2","TAL","TALL_009_20150611_betsort.csv"
"880","4","TAL","TALL_009_20150625_betfield.csv"
"881","1","TAL","TALL_009_20150625_betsort.csv"
"882","4","TAL","TALL_009_20150709_betfield.csv"
"883","1","TAL","TALL_009_20150709_betsort.csv"
"884","4","TAL","TALL_009_20150724_betfield.csv"
"885","1","TAL","TALL_009_20150724_betsort.csv"
"886","4","TAL","TALL_009_20150806_betfield.csv"
"887","1","TAL","TALL_009_20150806_betpin.csv"
"888","2","TAL","TALL_009_20150806_betsort.csv"
"889","4","TAL","TALL_009_20150820_betfield.csv"
"890","2","TAL","TALL_009_20150820_betpin.csv"
"891","3","TAL","TALL_009_20150820_betsort.csv"
"892","4","TAL","TALL_009_20150903_betfield.csv"
"893","2","TAL","TALL_009_20150903_betpin.csv"
"894","3","TAL","TALL_009_20150903_betsort.csv"
"895","4","TAL","TALL_009_20150917_betfield.csv"
"896","4","TAL","TALL_009_20150917_betpin.csv"
"897","3","TAL","TALL_009_20150917_betsort.csv"
"898","4","TAL","TALL_013_20150611_betfield.csv"
"899","1","TAL","TALL_013_20150611_betsort.csv"
"900","4","TAL","TALL_013_20150625_betfield.csv"
"901","3","TAL","TALL_013_20150625_betpin.csv"
"902","4","TAL","TALL_013_20150625_betsort.csv"
"903","4","TAL","TALL_013_20150709_betfield.csv"
"904","1","TAL","TALL_013_20150709_betpin.csv"
"905","2","TAL","TALL_013_20150709_betsort.csv"
"906","4","TAL","TALL_013_20150724_betfield.csv"
"907","1","TAL","TALL_013_20150724_betpin.csv"
"908","2","TAL","TALL_013_20150724_betsort.csv"
"909","4","TAL","TALL_013_20150806_betfield.csv"
"910","1","TAL","TALL_013_20150806_betsort.csv"
"911","4","TAL","TALL_013_20150820_betfield.csv"
"912","1","TAL","TALL_013_20150820_betsort.csv"
"913","4","TAL","TALL_013_20150903_betfield.csv"
"914","1","TAL","TALL_013_20150903_betpin.csv"
"915","2","TAL","TALL_013_20150903_betsort.csv"
"916","4","TAL","TALL_013_20150917_betfield.csv"
"917","1","TAL","TALL_013_20150917_betpin.csv"
"918","2","TAL","TALL_013_20150917_betsort.csv"
"919","167","cdw","cdw_tally_in_D08.csv"
"920","2","PDR","PDR_Submit_MassData_nleder_AT_field-ops.org_2015-08-03-17-27-06.csv"
"921","9","PDR","PDR_Submit_MassData_nleder_AT_field-ops.org_2015-08-03-17-57-21.csv"
"922","31","PDR","PDR_Submit_MassData_nleder_AT_field-ops.org_2015-08-03-20-43-11.csv"
"923","100","PDR","PDR_Submit_MassData_nleder_AT_field-ops.org_2015-08-04-17-49-57.csv"
"924","6","PDR","PDR_Submit_MassData_nleder_AT_field-ops.org_2015-08-04-17-55-03.csv"
"925","56","PDR","PDR_Submit_PerBoutIn_nleder_AT_field-ops.org_2015-08-17-18-41-54.csv"
"926","18","PDR","PDR_Submit_MassData_nleder_AT_field-ops.org_2015-08-10-15-19-02.csv"
"927","8","PDR","PDR_Submit_MassData_nleder_AT_field-ops.org_2015-08-10-15-49-58.csv"
"928","19","PDR","PDR_Submit_MassData_nleder_AT_field-ops.org_2015-08-10-17-02-22.csv"
"929","53","PDR","PDR_Submit_MassData_nleder_AT_field-ops.org_2015-08-10-19-45-21.csv"
"930","32","PDR","PDR_Submit_MassData_nleder_AT_field-ops.org_2015-08-14-18-11-42.csv"
"931","1","PDR","PDR_Submit_PerBoutIn_nleder_AT_field-ops.org_2015-08-10-15-53-16.csv"
"932","16","PDR","PDR_Submit_PerBoutIn_nleder_AT_field-ops.org_2015-08-10-17-02-22.csv"
"933","16","PDR","PDR_Submit_PerBoutIn_nleder_AT_field-ops.org_2015-08-10-19-45-21.csv"
"934","7","PDR","PDR_Submit_PerBoutIn_nleder_AT_field-ops.org_2015-08-14-15-28-07.csv"
"935","2712","dhp","dhp_imagefile_in_D08.csv"
"936","113","dhp","dhp_perplot_in_D08.csv"
"937","396","ltr","ltr_fielddata_in_D08.csv"
"938","1816","ltr","ltr_massdata_in_D08.csv"
"939","156","ltr","ltr_pertrap_in_D08.csv"
"940","580","cal","calvisatfield-ops.org_TALL_063.phenology.phe_dt_2015-06-02_sbdt_2015-06-18-14-20.csv"
"941","580","hsh","hshirleyatfield-ops.org_TALL_063.phenology.phe_dt_2015-07-24_sbdt_2015-07-28-14-47.csv"
"942","673","hsh","hshirleyatfield-ops.org_TALL_063.phenology.phe_dt_2015-08-13_sbdt_2015-08-14-16-30.csv"
"943","6150","khe","kheardatfield-ops.org_TALL_063.phenology.phe_dt_2015-04-24_sbdt_2015-06-18-13-26.csv"
"944","580","khe","kheardatfield-ops.org_TALL_063.phenology.phe_dt_2015-04-30_sbdt_2015-06-15-18-16.csv"
"945","580","khe","kheardatfield-ops.org_TALL_063.phenology.phe_dt_2015-05-05_sbdt_2015-06-17-17-18.csv"
"946","580","khe","kheardatfield-ops.org_TALL_063.phenology.phe_dt_2015-06-11_sbdt_2015-06-19-17-07.csv"
"947","774","mri","mrichardsatfield-ops.org_DELA_057.phenology.phe_dt_2015-07-15_sbdt_2015-08-10-16-48.csv"
"948","774","mri","mrichardsatfield-ops.org_DELA_057.phenology.phe_dt_2015-07-22_sbdt_2015-08-10-17-38.csv"
"949","767","mri","mrichardsatfield-ops.org_DELA_057.phenology.phe_dt_2015-07-29_sbdt_2015-08-10-17-41.csv"
"950","774","mri","mrichardsatfield-ops.org_DELA_057.phenology.phe_dt_2015-08-05_sbdt_2015-08-10-17-43.csv"
"951","848","mri","mrichardsatfield-ops.org_DELA_057.phenology.phe_dt_2015-08-12_sbdt_2015-08-27-19-11.csv"
"952","772","mri","mrichardsatfield-ops.org_DELA_057.phenology.phe_dt_2015-08-19_sbdt_2015-08-27-19-19.csv"
"953","766","mri","mrichardsatfield-ops.org_DELA_057.phenology.phe_dt_2015-08-26_sbdt_2015-08-27-19-29.csv"
"954","779","mri","mrichardsatfield-ops.org_DELA_057.phenology.phe_dt_2015-09-02_sbdt_2015-09-04-19-39.csv"
"955","769","mri","mrichardsatfield-ops.org_DELA_057.phenology.phe_dt_2015-09-08_sbdt_2015-10-09-20-13.csv"
"956","770","mri","mrichardsatfield-ops.org_DELA_057.phenology.phe_dt_2015-09-16_sbdt_2015-10-09-20-16.csv"
"957","768","mri","mrichardsatfield-ops.org_DELA_057.phenology.phe_dt_2015-09-23_sbdt_2015-10-09-20-19.csv"
"958","774","mri","mrichardsatfield-ops.org_DELA_057.phenology.phe_dt_2015-09-30_sbdt_2015-10-09-20-21.csv"
"959","774","mri","mrichardsatfield-ops.org_DELA_057.phenology.phe_dt_2015-10-06_sbdt_2015-10-09-20-23.csv"
"960","774","mri","mrichardsatfield-ops.org_DELA_057.phenology.phe_dt_2015-10-14_sbdt_2015-10-20-14-36.csv"
"961","774","mri","mrichardsatfield-ops.org_DELA_057.phenology.phe_dt_2015-10-19_sbdt_2015-11-04-20-21.csv"
"962","774","mri","mrichardsatfield-ops.org_DELA_057.phenology.phe_dt_2015-10-28_sbdt_2015-11-04-20-23.csv"
"963","774","mri","mrichardsatfield-ops.org_DELA_057.phenology.phe_dt_2015-11-02_sbdt_2015-11-04-20-26.csv"
"964","6032","mri","mrichardsatfield-ops.org_TALL_063.phenology.phe_dt_2015-03-26_sbdt_2015-06-05-14-58.csv"
"965","6088","mri","mrichardsatfield-ops.org_TALL_063.phenology.phe_dt_2015-04-02_sbdt_2015-06-05-15-15.csv"
"966","6124","mri","mrichardsatfield-ops.org_TALL_063.phenology.phe_dt_2015-04-08_sbdt_2015-06-05-15-51.csv"
"967","6146","mri","mrichardsatfield-ops.org_TALL_063.phenology.phe_dt_2015-04-17_sbdt_2015-06-05-16-06.csv"
"968","6102","mri","mrichardsatfield-ops.org_TALL_063.phenology.phe_dt_2015-05-14_sbdt_2015-07-17-14-01.csv"
"969","6049","mri","mrichardsatfield-ops.org_TALL_063.phenology.phe_dt_2015-06-18_sbdt_2015-07-15-17-29.csv"
"970","6042","mri","mrichardsatfield-ops.org_TALL_063.phenology.phe_dt_2015-06-25_sbdt_2015-07-17-14-21.csv"
"971","6044","mri","mrichardsatfield-ops.org_TALL_063.phenology.phe_dt_2015-07-02_sbdt_2015-07-17-13-15.csv"
"972","6149","mri","mrichardsatfield-ops.org_TALL_063.phenology.phe_dt_2015-07-09_sbdt_2015-07-16-17-33.csv"
"973","6145","mri","mrichardsatfield-ops.org_TALL_063.phenology.phe_dt_2015-07-16_sbdt_2015-07-17-14-42.csv"
"974","6132","mri","mrichardsatfield-ops.org_TALL_063.phenology.phe_dt_2015-07-30_sbdt_2015-08-10-14-30.csv"
"975","6201","mri","mrichardsatfield-ops.org_TALL_063.phenology.phe_dt_2015-08-06_sbdt_2015-08-10-15-47.csv"
"976","6124","mri","mrichardsatfield-ops.org_TALL_063.phenology.phe_dt_2015-08-20_sbdt_2015-08-27-19-58.csv"
"977","6181","mri","mrichardsatfield-ops.org_TALL_063.phenology.phe_dt_2015-08-27_sbdt_2015-09-04-19-30.csv"
"978","6103","mri","mrichardsatfield-ops.org_TALL_063.phenology.phe_dt_2015-09-03_sbdt_2015-09-04-19-52.csv"
"979","6161","mri","mrichardsatfield-ops.org_TALL_063.phenology.phe_dt_2015-09-10_sbdt_2015-10-09-14-28.csv"
"980","6083","mri","mrichardsatfield-ops.org_TALL_063.phenology.phe_dt_2015-09-17_sbdt_2015-10-09-15-09.csv"
"981","6089","mri","mrichardsatfield-ops.org_TALL_063.phenology.phe_dt_2015-09-24_sbdt_2015-10-09-15-25.csv"
"982","6106","mri","mrichardsatfield-ops.org_TALL_063.phenology.phe_dt_2015-10-01_sbdt_2015-10-09-15-44.csv"
"983","6070","mri","mrichardsatfield-ops.org_TALL_063.phenology.phe_dt_2015-10-07_sbdt_2015-10-09-16-04.csv"
"984","6075","mri","mrichardsatfield-ops.org_TALL_063.phenology.phe_dt_2015-10-15_sbdt_2015-10-20-14-42.csv"
"985","6064","mri","mrichardsatfield-ops.org_TALL_063.phenology.phe_dt_2015-10-21_sbdt_2015-11-04-20-04.csv"
"986","6117","mri","mrichardsatfield-ops.org_TALL_063.phenology.phe_dt_2015-10-29_sbdt_2015-11-04-20-14.csv"
"987","6068","mri","mrichardsatfield-ops.org_TALL_063.phenology.phe_dt_2015-11-04_sbdt_2015-11-12-17-54.csv"
"988","6078","mri","mrichardsatfield-ops.org_TALL_063.phenology.phe_dt_2015-11-10_sbdt_2015-11-12-18-24.csv"
"989","5974","TAL","TALL_phe_20150127.csv"
"990","5978","TAL","TALL_phe_20150206.csv"
"991","5984","TAL","TALL_phe_20150219.csv"
"992","6016","TAL","TALL_phe_20150226.csv"
"993","6118","TAL","TALL_phe_20150306.csv"
"994","5975","TAL","TALL_phe_20150312.csv"
"995","6013","TAL","TALL_phe_20150318.csv"
"996","580","TAL","TALL_phe_20150521.csv"
"997","151","DEL","DELA_002_20150710_DIV.csv"
"998","192","DEL","DELA_003_20150715_DIV.csv"
"999","230","DEL","DELA_004_20150629_DIV.csv"
"1000","197","DEL","DELA_006_20150709_DIV.csv"
"1001","200","DEL","DELA_007_20150722_DIV.xlsx"
"1002","146","DEL","DELA_011_20150716_DIV.csv"
"1003","173","DEL","DELA_014_20150707_DIV.csv"
"1004","180","DEL","DELA_015_20150707_DIV.csv"
"1005","206","DEL","DELA_016_20150729_DIV.csv"
"1006","286","DEL","DELA_017_20150629_DIV.csv"
"1007","149","DEL","DELA_019_20150723_DIV.csv"
"1008","181","DEL","DELA_022_20150722_DIV.csv"
"1009","194","DEL","DELA_023_20150720_DIV.csv"
"1010","213","DEL","DELA_025_20150728_DIV.csv"
"1011","227","DEL","DELA_026_20150724_DIV.csv"
"1012","180","DEL","DELA_028_20150723_DIV.csv"
"1013","182","DEL","DELA_030_20150722_DIV.csv"
"1014","173","DEL","DELA_037_20150629_DIV.csv"
"1015","231","DEL","DELA_038_20150810_DIV.csv"
"1016","106","DEL","DELA_040_20150612_DIV.csv"
"1017","185","TAL","TALL_001_20150622_DIV.csv"
"1018","246","TAL","TALL_002_20150609_DIV.csv"
"1019","291","TAL","TALL_003_20150619_DIV.csv"
"1020","216","TAL","TALL_007_20150622_DIV.csv"
"1021","276","TAL","TALL_008_20150601_DIV.csv"
"1022","328","TAL","TALL_009_20150526_DIV.csv"
"1023","263","TAL","TALL_010_20150603_DIV.csv"
"1024","244","TAL","TALL_011_20150623_DIV.csv"
"1025","184","TAL","TALL_012_20150604_DIV.csv"
"1026","187","TAL","TALL_013_20150616_DIV.csv"
"1027","169","TAL","TALL_015_20150528_DIV.csv"
"1028","202","TAL","TALL_016_20150619_DIV.csv"
"1029","195","TAL","TALL_017_20150609_DIV.csv"
"1030","173","TAL","TALL_018_20150608_DIV.csv"
"1031","179","TAL","TALL_021_20150623_DIV.csv"
"1032","289","TAL","TALL_023_20150603_DIV.csv"
"1033","268","TAL","TALL_025_20150623_DIV.csv"
"1034","261","TAL","TALL_026_20150616_DIV.csv"
"1035","300","TAL","TALL_027_20150612_DIV.csv"
"1036","278","TAL","TALL_029_20150625_DIV.csv"
"1037","221","TAL","TALL_030_20150618_DIV.csv"
"1038","231","TAL","TALL_031_20150617_DIV.csv"
"1039","301","TAL","TALL_032_20150615_DIV.csv"
"1040","238","TAL","TALL_051_20150610_DIV.csv"
"1041","174","TAL","TALL_054_20150615_DIV.csv"
"1042","110","DEL","DELA_001_20150707_mam.csv"
"1043","110","DEL","DELA_001_20150708_mam.csv"
"1044","110","DEL","DELA_001_20150709_mam.csv"
"1045","110","DEL","DELA_001_20150804_mam.csv"
"1046","110","DEL","DELA_001_20150805_mam.csv"
"1047","110","DEL","DELA_001_20150806_mam.csv"
"1048","110","DEL","DELA_001_20150909_mam.csv"
"1049","110","DEL","DELA_001_20150910_mam.csv"
"1050","110","DEL","DELA_001_20150911_mam.csv"
"1051","110","DEL","DELA_001_20151006_mam.csv"
"1052","110","DEL","DELA_001_20151007_mam.csv"
"1053","110","DEL","DELA_001_20151008_mam.csv"
"1054","110","DEL","DELA_002_20150707_mam.csv"
"1055","110","DEL","DELA_002_20150708_mam.csv"
"1056","110","DEL","DELA_002_20150709_mam.csv"
"1057","110","DEL","DELA_002_20150804_mam.csv"
"1058","110","DEL","DELA_002_20150805_mam.csv"
"1059","110","DEL","DELA_002_20150806_mam.csv"
"1060","110","DEL","DELA_002_20150909_mam.csv"
"1061","110","DEL","DELA_002_20150910_mam.csv"
"1062","110","DEL","DELA_002_20150911_mam.csv"
"1063","110","DEL","DELA_002_20151006_mam.csv"
"1064","110","DEL","DELA_002_20151007_mam.csv"
"1065","110","DEL","DELA_002_20151008_mam.csv"
"1066","110","DEL","DELA_007_20150707_mam.csv"
"1067","110","DEL","DELA_007_20150708_mam.csv"
"1068","110","DEL","DELA_007_20150709_mam.csv"
"1069","110","DEL","DELA_007_20150804_mam.csv"
"1070","110","DEL","DELA_007_20150805_mam.csv"
"1071","110","DEL","DELA_007_20150806_mam.csv"
"1072","110","DEL","DELA_007_20150909_mam.csv"
"1073","110","DEL","DELA_007_20150910_mam.csv"
"1074","110","DEL","DELA_007_20150911_mam.csv"
"1075","110","DEL","DELA_007_20151006_mam.csv"
"1076","110","DEL","DELA_007_20151007_mam.csv"
"1077","110","DEL","DELA_007_20151008_mam.csv"
"1078","110","TAL","TALL_005_20150320_mam.csv"
"1079","110","TAL","TALL_005_20150424_mam.csv"
"1080","110","TAL","TALL_005_20150515_mam.csv"
"1081","110","TAL","TALL_005_20150612_mam.csv"
"1082","110","TAL","TALL_005_20150717_mam.csv"
"1083","110","TAL","TALL_006_20150320_mam.csv"
"1084","110","TAL","TALL_006_20150424_mam.csv"
"1085","110","TAL","TALL_006_20150515_mam.csv"
"1086","110","TAL","TALL_006_20150612_mam.csv"
"1087","110","TAL","TALL_006_20150717_mam.csv"
"1088","110","TAL","TALL_010_20150317_mam.csv"
"1089","110","TAL","TALL_010_20150318_mam.csv"
"1090","110","TAL","TALL_010_20150319_mam.csv"
"1091","110","TAL","TALL_010_20150421_mam.csv"
"1092","110","TAL","TALL_010_20150422_mam.csv"
"1093","110","TAL","TALL_010_20150423_mam.csv"
"1094","110","TAL","TALL_010_20150512_mam.csv"
"1095","110","TAL","TALL_010_20150513_mam.csv"
"1096","110","TAL","TALL_010_20150514_mam.csv"
"1097","110","TAL","TALL_010_20150609_mam.csv"
"1098","110","TAL","TALL_010_20150610_mam.csv"
"1099","110","TAL","TALL_010_20150611_mam.csv"
"1100","110","TAL","TALL_010_20150714_mam.csv"
"1101","110","TAL","TALL_010_20150715_mam.csv"
"1102","110","TAL","TALL_010_20150716_mam.csv"
"1103","110","TAL","TALL_012_20150320_mam.csv"
"1104","110","TAL","TALL_012_20150424_mam.csv"
"1105","110","TAL","TALL_012_20150515_mam.csv"
"1106","110","TAL","TALL_012_20150612_mam.csv"
"1107","110","TAL","TALL_012_20150717_mam.csv"
"1108","110","TAL","TALL_013_20150320_mam.csv"
"1109","110","TAL","TALL_013_20150424_mam.csv"
"1110","110","TAL","TALL_013_20150515_mam.csv"
"1111","110","TAL","TALL_013_20150612_mam.csv"
"1112","110","TAL","TALL_013_20150717_mam.csv"
"1113","110","TAL","TALL_015_20150317_mam.csv"
"1114","110","TAL","TALL_015_20150318_mam.csv"
"1115","110","TAL","TALL_015_20150319_mam.csv"
"1116","110","TAL","TALL_015_20150421_mam.csv"
"1117","110","TAL","TALL_015_20150422_mam.csv"
"1118","110","TAL","TALL_015_20150423_mam.csv"
"1119","110","TAL","TALL_015_20150512_mam.csv"
"1120","110","TAL","TALL_015_20150513_mam.csv"
"1121","110","TAL","TALL_015_20150514_mam.csv"
"1122","110","TAL","TALL_015_20150609_mam.csv"
"1123","110","TAL","TALL_015_20150610_mam.csv"
"1124","110","TAL","TALL_015_20150611_mam.csv"
"1125","110","TAL","TALL_015_20150714_mam.csv"
"1126","110","TAL","TALL_015_20150715_mam.csv"
"1127","110","TAL","TALL_015_20150716_mam.csv"
"1128","110","TAL","TALL_024_20150317_mam.csv"
"1129","110","TAL","TALL_024_20150318_mam.csv"
"1130","110","TAL","TALL_024_20150319_mam.csv"
"1131","110","TAL","TALL_024_20150421_mam.csv"
"1132","110","TAL","TALL_024_20150422_mam.csv"
"1133","110","TAL","TALL_024_20150423_mam.csv"
"1134","110","TAL","TALL_024_20150512_mam.csv"
"1135","111","TAL","TALL_024_20150513_mam.csv"
"1136","110","TAL","TALL_024_20150514_mam.csv"
"1137","110","TAL","TALL_024_20150609_mam.csv"
"1138","110","TAL","TALL_024_20150610_mam.csv"
"1139","110","TAL","TALL_024_20150611_mam.csv"
"1140","110","TAL","TALL_024_20150714_mam.csv"
"1141","110","TAL","TALL_024_20150715_mam.csv"
"1142","110","TAL","TALL_024_20150716_mam.csv"
"1143","110","TAL","TALL_031_20150317_mam.csv"
"1144","110","TAL","TALL_031_20150318_mam.csv"
"1145","110","TAL","TALL_031_20150319_mam.csv"
"1146","110","TAL","TALL_031_20150421_mam.csv"
"1147","110","TAL","TALL_031_20150422_mam.csv"
"1148","110","TAL","TALL_031_20150423_mam.csv"
"1149","110","TAL","TALL_031_20150512_mam.csv"
"1150","110","TAL","TALL_031_20150513_mam.csv"
"1151","110","TAL","TALL_031_20150514_mam.csv"
"1152","110","TAL","TALL_031_20150609_mam.csv"
"1153","110","TAL","TALL_031_20150610_mam.csv"
"1154","110","TAL","TALL_031_20150611_mam.csv"
"1155","110","TAL","TALL_031_20150714_mam.csv"
"1156","110","TAL","TALL_031_20150715_mam.csv"
"1157","110","TAL","TALL_031_20150716_mam.csv"
"1158","30","sls","sls_soilcorecollection_D08.csv"
"1159","30","sls","sls_soilmoisture_D08.csv"
"1160","35","sls","sls_soilPH_D08.csv"
"1161","102","tck","tck_collection_in_D08.csv"
"1162","13","tck","tck_larvalprocessing_in_D08.csv"
"1163","7678","vst","vst_apparentindividual_in_D08.csv"
"1164","3115","vst","vst_mapping_in_D08.csv"
"1165","260","vst","vst_perplot_in_D08.csv"
"1166","4","vst","vst_shrubgroup_in_D08.csv"
"1167","432","dhp","dhp_imagefile_in_D09.csv"
"1168","36","dhp","dhp_perplot_in_D09.csv"
"1169","60","tck","tck_collection_D09_WOOD.csv"
"1170","10","tck","tck_errorRateTracking.csv"
"1171","42","div","diversity_field_cover1m2_D09_NOGP_DCFS.csv"
"1172","7649","div","diversity_field_taxon_D09_NOGP_DCFS.csv"
"1173","340","vst","vst_apparentindividual_D09_NOGP_DCFS.csv"
"1174","293","vst","vst_mapping_D09_NOGP_DCFS.csv"
"1175","4","vst","vst_other_D09_NOGP_DCFS.csv"
"1176","59","vst","vst_perplot_D09_NOGP_DCFS.csv"
"1177","24","ltr","ltr_fielddata_in_D13.csv"
"1178","27","ltr","ltr_massdata_in_D13.csv"
"1179","24","ltr","ltr_pertrap_in_D13.csv"
"1180","1238","vst","vst_apparentindividual_in_D13.csv"
"1181","2","vst","vst_apparentindividuals_in_D10.csv"
"1182","1","vst","vst_mapping_in_D10.csv"
"1183","1182","vst","vst_mapping_in_D13.csv"
"1184","188","vst","vst_other_in_D10.csv"
"1185","30","vst","vst_perplot_in_D10.csv"
"1186","20","vst","vst_perplot_in_D13.csv"
"1187","16","vst","vst_shrubgroup_in_D13.csv"
"1188","575","dhp","dhp_imagefile_D11.csv"
"1189","48","dhp","dhp_perplot_D11.csv"
"1190","36","sls","sls_soilcorecollection_D11.csv"
"1191","36","sls","sls_soilmoisture_D11.csv"
"1192","41","sls","sls_soilPH_D11.csv"
"1193","29","tck","tck_collection_D11.csv"
"1194","241","vst","vst_cover_in_D11.csv"
"1195","5680","vst","vst_perplot_in_D11.csv"
"1196","50","cdw","cdw_cdw_tally_in_D14.csv"
"1197","44","PDR","PDR_Submit_MassData_helias_AT_field-ops.org_2015-09-03-21-17-17.csv"
"1198","20","Per","PerBoutIn_heliasatfield-ops.org_2015-09-03-19-11-46.csv"
"1199","480","dhp","dhp_imagefile_in_D14.csv"
"1200","37","dhp","dhp_perplot_in.csv"
"1201","110","JOR","JORN_001_20150517_mam.csv"
"1202","110","JOR","JORN_001_20150518_mam.csv"
"1203","110","JOR","JORN_001_20150519_mam.csv"
"1204","110","JOR","JORN_001_20150613_mam.csv"
"1205","110","JOR","JORN_001_20150614_mam.csv"
"1206","110","JOR","JORN_001_20150615_mam.csv"
"1207","2939","JOR","JORN_001_20150718_mam.csv"
"1208","2941","JOR","JORN_001_20150719_mam.csv"
"1209","2939","JOR","JORN_001_20150720_mam.csv"
"1210","110","JOR","JORN_007_20150514_mam.csv"
"1211","1257","JOR","JORN_007_20150719_mam.csv"
"1212","110","JOR","JORN_011_20150516_mam.csv"
"1213","2943","JOR","JORN_011_20150718_mam.csv"
"1214","110","JOR","JORN_017_20150514_mam.csv"
"1215","110","JOR","JORN_017_20150515_mam.csv"
"1216","110","JOR","JORN_017_20150516_mam.csv"
"1217","110","JOR","JORN_017_20150610_mam.csv"
"1218","110","JOR","JORN_017_20150611_mam.csv"
"1219","2939","JOR","JORN_017_20150715_mam.csv"
"1220","2939","JOR","JORN_017_20150716_mam.csv"
"1221","2939","JOR","JORN_017_20150717_mam.csv"
"1222","110","JOR","JORN_018_20150518_mam.csv"
"1223","110","JOR","JORN_018_20150519_mam.csv"
"1224","110","JOR","JORN_018_20150610_mam.csv"
"1225","110","JOR","JORN_018_20150611_mam.csv"
"1226","2941","JOR","JORN_018_20150715_mam.csv"
"1227","2939","JOR","JORN_018_20150716_mam.csv"
"1228","2940","JOR","JORN_018_20150717_mam.csv"
"1229","110","JOR","JORN_031_20150518_mam.csv"
"1230","110","JOR","JORN_031_20150615_mam.csv"
"1231","909","JOR","JORN_031_20150720_mam.csv"
"1232","1960","JOR","JORN_001_20150825_div.csv"
"1233","2164","JOR","JORN_002_20150826_div.csv"
"1234","2708","JOR","JORN_003_20150825_div.csv"
"1235","2861","JOR","JORN_005_20150819_div.csv"
"1236","2623","JOR","JORN_006_20150819_div.csv"
"1237","1977","JOR","JORN_008_20150826_div.csv"
"1238","141","JOR","JORN_009_20150818_div.csv"
"1239","2742","JOR","JORN_010_20150825_div.csv"
"1240","2487","JOR","JORN_011_20150827_div.csv"
"1241","1892","JOR","JORN_012_20150826_div.csv"
"1242","2317","JOR","JORN_014_20150819_div.csv"
"1243","2504","JOR","JORN_015_20150820_div.csv"
"1244","2827","JOR","JORN_016_20150826_div.csv"
"1245","2215","JOR","JORN_017_20150827_div.csv"
"1246","2351","JOR","JORN_018_20150826_div.csv"
"1247","3065","JOR","JORN_019_20150825_div.csv"
"1248","3320","JOR","JORN_020_20150824_div.csv"
"1249","2759","JOR","JORN_042_20150818_div.csv"
"1250","2742","JOR","JORN_044_20150818_div.csv"
"1251","2946","JOR","JORN_045_20150817_div.csv"
"1252","70","soi","soil_soilPH_in.csv"
"1253","60","soi","soils_soilcorecollection_in.csv"
"1254","60","soi","soils_soilmoisture_in.csv"
"1255","44","vst","vst_apparentindividual_in_D14.csv"
"1256","43","vst","vst_mapping_in_D14.csv"
"1257","1006","vst","vst_other_in_D14.csv"
"1258","51","vst","vst_perplot_in_D14.csv"
"1259","431","vst","vst_shrubgroup_in_D14.csv"
"1260","288","dhp","dhp_imagefile_D13.xlsx"
"1261","24","dhp","dhp_perimagefile_D13.xlsx"
"1262","31","soi","soilcorecollection_D13.csv"
"1263","30","soi","soilmoisture_D13.csv"
"1264","40","soi","soilPH_D13.csv"
"1265","12","tck","tck_collection_D13.csv"
"1266","72","dhp","dhp_imagefile_in_D19.csv"
"1267","6","dhp","dhp_perplot_in_D19.csv"
"1268","14","ltr","ltr_fielddata_in_D19.csv"
"1269","9","ltr","ltr_massdata_in_D19.csv"
"1270","14","ltr","ltr_pertrap_in_D19.csv"
"1271","537","vst","vst_apparentindividual_in_D19.csv"
"1272","404","vst","vst_mapping_in_D19.csv"
"1273","7","vst","vst_perplot_in_D19.csv"
"1274","758","com","compiled_errors.csv"
"1275","52","com","compiled_errors_summary.xlsx"
"1276","5","D01","D01_cdw_errorRateTracking.csv"
"1277","26","D01","D01_dhp_errorRateTracking.csv"
"1278","3","D01","D01_ltr_errorRateTracking.csv"
"1279","2","D01","D01_tck_errorRateTracking.csv"
"1280","65","D01","D01_vst_errorRateTracking.csv"
"1281","1","D02","D02_cdw_errorRate.csv"
"1282","32","D02","D02_dhp_errorRate.csv"
"1283","1","D02","D02_ltr_errorRate.csv"
"1284","14","D02","D02_mos_errorRate.csv"
"1285","1","D02","D02_sls_errorRate.csv"
"1286","22","D02","D02_tck_errorRate.csv"
"1287","1","D02","D02_vst_div_errorRate.csv"
"1288","1","D02","D02_vst_errorRate.csv"
"1289","13","D03","D03_ltr_errorRateTracking.csv"
"1290","3","D03","D03_tck_errorRateTracking.csv"
"1291","68","D03","D03_vst_errorRateTracking.csv"
"1292","175","vst","vst_perplot_in.csv"
"1293","22","vst","vst_shrubgroup_in.csv"
"1294","17","D04","D04_dhp_errorRate.csv"
"1295","8","D04","D04_ltr_errorRate.csv"
"1296","4","D04","D04_sls_errorRate.csv"
"1297","18","D04","D04_vst_errorRate.csv"
"1298","3","D05","D05_cdw_errorrate.xlsx"
"1299","4","D05","D05_dhp_errorrate.xlsx"
"1300","1","D05","D05_ltr_errorrate.xlsx"
"1301","2","D05","D05_mos_errorrate.xlsx"
"1302","3","D05","D05_sls_errorrate.xlsx"
"1303","2","D05","D05_tck_errorrate.xlsx"
"1304","1","D05","D05_vcc_errorRate.xlsx"
"1305","1","D05","D05_vst_errorrate.xlsx"
"1306","1","D06","D06_dhp_errorRate.csv"
"1307","1","D06","D06_ltr_errorRate.csv"
"1308","1","D06","D06_sls_errorRate.csv"
"1309","1","D06","D06_tck_errorRate.csv"
"1310","28","D06","D06_vcc_errorRate.csv"
"1311","11","D07","D07_dhp_errorRate.csv"
"1312","2","D07","D07_ltr_errorRate.csv"
"1313","13","D07","D07_tck_errorRate.csv"
"1314","1","D08","D08_cdw_errorRate.xlsx"
"1315","26","D08","D08_dhp_errorRate.csv"
"1316","20","D08","D08_ltr_errorRate.csv"
"1317","0","D08","D08_mos_errorRate.xlsx"
"1318","0","D08","D08_sls_errorRate.xlsx"
"1319","1","D08","D08_tck_errorRate.csv"
"1320","0","D08","D08_vcc_errorRate.xlsx"
"1321","0","D08","D08_vst_errorRate.xlsx"
"1322","10","D09","D09_dhp_errorRate.xlsx"
"1323","8","D09","D09_tck_errorRate.xlsx"
"1324","2","D10","D10_dhp_errorRate.csv"
"1325","2","D10","D10_mos_errorRate.csv"
"1326","1","D10","D10_tck_errorRate.csv"
"1327","5","D10","D10_vst_errorRate.csv"
"1328","4","D13","D13_sls_errorRate.csv"
"1329","14","D13","D13_vst_errorRate.csv"
"1330","5","D11","D11_dhp_errorRate.xlsx"
"1331","3","D11","D11_sls_errorRate.xlsx"
"1332","4","D11","D11_tck_errorRate.xlsx"
"1333","1","D11","D11_vst_errorRate.xlsx"
"1334","0","D14","D14_cdw_ErrorRate.csv"
"1335","2","D14","D14_dhp_ErrorRate.csv"
"1336","20","D14","D14_div_ErrorRate.xlsx"
"1337","5","D14","D14_hbp_ErrorRate.xlsx"
"1338","5","D14","D14_sls_ErrorRate.csv"
"1339","4","D14","D14_tck_ErrorRate.xlsx"
"1340","5","D14","D14_vst_ErrorRate.csv"
"1341","0","D13","D13_dhp_errorRate.xlsx"
"1342","0","D13","D13_sls_errorRate.xlsx"
"1343","0","D15","D15_dhp_errorRate.xlsx"
"1344","0","D15","D15_vst_errorRate.xlsx"
"1345","6","D17","D17_vst_div_errorRate.xlsx"
"1346","2","D19","D19_dhp_errorRate.csv"
"1347","3","D19","D19_hbp_errorRate.xlsx"
"1348","3","D19","D19_ltr_errorRate.csv"
"1349","1","D19","D19_mos_errorRate.xlsx"
"1350","7","D19","D19_phe_errorRate.xlsx"
"1351","1","D19","D19_tck_errorRate.xlsx"
"1352","33","D19","D19_vcc_errorRate.xlsx"
"1353","6","D19","D19_vst_errorRate.xlsx"
"1354","258","D06","D06_errorTracking.xlsx"
"1355","170","D15","D15ErrorRateTracking.xlsx"
"1356","1","D19","D19_bgc_errorRate.xlsx"
"1357","1","D19","D19_dhp_errorRate.xlsx"
"1358","1","D19","D19_div_errorRate.xlsx"
"1359","1","D19","D19_hbp_errorRate.xlsx"
"1360","1","D19","D19_ltr_errorRate.xlsx"
"1361","1","D19","D19_phe_errorRate.xlsx"
